SampleID	SampleNumber	Batch	CellLine	CellLineBatch	Guides	AmpliconID	ControlForAmplicon	VFFSpikeIn	BioRep	FlowFISHRep	PCRRep	Bin	Index1	Index2
Swap-seq_TDL_BioRep1_FFRep1_binA_PCRRep1	1	Swap-seq_TDL	THP-1	THP-1	Swap-seq_TDL	Swap-seq_Barcode	FALSE	NA	1	1	1	A	CTACCAGG	CTAGCGCT
Swap-seq_TDL_BioRep1_FFRep1_binA_PCRRep2	1	Swap-seq_TDL	THP-1	THP-1	Swap-seq_TDL	Swap-seq_Barcode	FALSE	NA	1	1	2	A	CATGCTTA	CTAGCGCT
Swap-seq_TDL_BioRep1_FFRep1_binA_PCRRep3	1	Swap-seq_TDL	THP-1	THP-1	Swap-seq_TDL	Swap-seq_Barcode	FALSE	NA	1	1	3	A	GCACATCT	CTAGCGCT
Swap-seq_TDL_BioRep1_FFRep1_binA_PCRRep4	1	Swap-seq_TDL	THP-1	THP-1	Swap-seq_TDL	Swap-seq_Barcode	FALSE	NA	1	1	4	A	TGCTCGAC	CTAGCGCT
Swap-seq_TDL_BioRep1_FFRep1_binA_PCRRep5	1	Swap-seq_TDL	THP-1	THP-1	Swap-seq_TDL	Swap-seq_Barcode	FALSE	NA	1	1	5	A	AGCAATTC	CTAGCGCT
Swap-seq_TDL_BioRep1_FFRep1_binA_PCRRep6	1	Swap-seq_TDL	THP-1	THP-1	Swap-seq_TDL	Swap-seq_Barcode	FALSE	NA	1	1	6	A	AGTTGCTT	CTAGCGCT
Swap-seq_TDL_BioRep1_FFRep1_binA_PCRRep7	1	Swap-seq_TDL	THP-1	THP-1	Swap-seq_TDL	Swap-seq_Barcode	FALSE	NA	1	1	7	A	CCAGTTAG	CTAGCGCT
Swap-seq_TDL_BioRep1_FFRep1_binA_PCRRep8	1	Swap-seq_TDL	THP-1	THP-1	Swap-seq_TDL	Swap-seq_Barcode	FALSE	NA	1	1	8	A	TTGAGCCT	CTAGCGCT
Swap-seq_TDL_BioRep1_FFRep1_binA_PCRRep9	1	Swap-seq_TDL	THP-1	THP-1	Swap-seq_TDL	Swap-seq_Barcode	FALSE	NA	1	1	9	A	ACCAACTG	CTAGCGCT
Swap-seq_TDL_BioRep1_FFRep1_binA_PCRRep10	1	Swap-seq_TDL	THP-1	THP-1	Swap-seq_TDL	Swap-seq_Barcode	FALSE	NA	1	1	10	A	GGTCCAGA	CTAGCGCT
Swap-seq_TDL_BioRep1_FFRep1_binA_PCRRep11	1	Swap-seq_TDL	THP-1	THP-1	Swap-seq_TDL	Swap-seq_Barcode	FALSE	NA	1	1	11	A	GTATAACA	CTAGCGCT
Swap-seq_TDL_BioRep1_FFRep1_binA_PCRRep12	1	Swap-seq_TDL	THP-1	THP-1	Swap-seq_TDL	Swap-seq_Barcode	FALSE	NA	1	1	12	A	TTCGCTGA	CTAGCGCT
Swap-seq_TDL_BioRep1_FFRep1_binA_PCRRep13	1	Swap-seq_TDL	THP-1	THP-1	Swap-seq_TDL	Swap-seq_Barcode	FALSE	NA	1	1	13	A	AACTTGAC	CTAGCGCT
Swap-seq_TDL_BioRep1_FFRep1_binA_PCRRep14	1	Swap-seq_TDL	THP-1	THP-1	Swap-seq_TDL	Swap-seq_Barcode	FALSE	NA	1	1	14	A	CACATCCT	CTAGCGCT
Swap-seq_TDL_BioRep1_FFRep1_binA_PCRRep15	1	Swap-seq_TDL	THP-1	THP-1	Swap-seq_TDL	Swap-seq_Barcode	FALSE	NA	1	1	15	A	TCGGAATG	CTAGCGCT
Swap-seq_TDL_BioRep1_FFRep1_binA_PCRRep16	1	Swap-seq_TDL	THP-1	THP-1	Swap-seq_TDL	Swap-seq_Barcode	FALSE	NA	1	1	16	A	AAGGATGT	CTAGCGCT
Swap-seq_TDL_BioRep1_FFRep1_binB_PCRRep1	1	Swap-seq_TDL	THP-1	THP-1	Swap-seq_TDL	Swap-seq_Barcode	FALSE	NA	1	1	1	B	GCACACGA	CTAGCGCT
Swap-seq_TDL_BioRep1_FFRep1_binB_PCRRep2	1	Swap-seq_TDL	THP-1	THP-1	Swap-seq_TDL	Swap-seq_Barcode	FALSE	NA	1	1	2	B	TCTGGCGA	CTAGCGCT
Swap-seq_TDL_BioRep1_FFRep1_binB_PCRRep3	1	Swap-seq_TDL	THP-1	THP-1	Swap-seq_TDL	Swap-seq_Barcode	FALSE	NA	1	1	3	B	CATAGCGA	CTAGCGCT
Swap-seq_TDL_BioRep1_FFRep1_binB_PCRRep4	1	Swap-seq_TDL	THP-1	THP-1	Swap-seq_TDL	Swap-seq_Barcode	FALSE	NA	1	1	4	B	CAGGAGCC	CTAGCGCT
Swap-seq_TDL_BioRep1_FFRep1_binB_PCRRep5	1	Swap-seq_TDL	THP-1	THP-1	Swap-seq_TDL	Swap-seq_Barcode	FALSE	NA	1	1	5	B	TGTCGGAT	CTAGCGCT
Swap-seq_TDL_BioRep1_FFRep1_binB_PCRRep6	1	Swap-seq_TDL	THP-1	THP-1	Swap-seq_TDL	Swap-seq_Barcode	FALSE	NA	1	1	6	B	ATTATGTT	CTAGCGCT
Swap-seq_TDL_BioRep1_FFRep1_binB_PCRRep7	1	Swap-seq_TDL	THP-1	THP-1	Swap-seq_TDL	Swap-seq_Barcode	FALSE	NA	1	1	7	B	CCTACCAT	CTAGCGCT
Swap-seq_TDL_BioRep1_FFRep1_binB_PCRRep8	1	Swap-seq_TDL	THP-1	THP-1	Swap-seq_TDL	Swap-seq_Barcode	FALSE	NA	1	1	8	B	TACTTAGC	CTAGCGCT
Swap-seq_TDL_BioRep1_FFRep1_binB_PCRRep9	1	Swap-seq_TDL	THP-1	THP-1	Swap-seq_TDL	Swap-seq_Barcode	FALSE	NA	1	1	9	B	GAAGAAGT	CTAGCGCT
Swap-seq_TDL_BioRep1_FFRep1_binB_PCRRep10	1	Swap-seq_TDL	THP-1	THP-1	Swap-seq_TDL	Swap-seq_Barcode	FALSE	NA	1	1	10	B	AGGATCTA	CTAGCGCT
Swap-seq_TDL_BioRep1_FFRep1_binB_PCRRep11	1	Swap-seq_TDL	THP-1	THP-1	Swap-seq_TDL	Swap-seq_Barcode	FALSE	NA	1	1	11	B	GACAGTAA	CTAGCGCT
Swap-seq_TDL_BioRep1_FFRep1_binB_PCRRep12	1	Swap-seq_TDL	THP-1	THP-1	Swap-seq_TDL	Swap-seq_Barcode	FALSE	NA	1	1	12	B	CCTATGCC	CTAGCGCT
Swap-seq_TDL_BioRep1_FFRep1_binB_PCRRep13	1	Swap-seq_TDL	THP-1	THP-1	Swap-seq_TDL	Swap-seq_Barcode	FALSE	NA	1	1	13	B	TCGCCTTG	CTAGCGCT
Swap-seq_TDL_BioRep1_FFRep1_binB_PCRRep14	1	Swap-seq_TDL	THP-1	THP-1	Swap-seq_TDL	Swap-seq_Barcode	FALSE	NA	1	1	14	B	ATAGCGTC	CTAGCGCT
Swap-seq_TDL_BioRep1_FFRep1_binB_PCRRep15	1	Swap-seq_TDL	THP-1	THP-1	Swap-seq_TDL	Swap-seq_Barcode	FALSE	NA	1	1	15	B	GTCGCCTT	CTAGCGCT
Swap-seq_TDL_BioRep1_FFRep1_binB_PCRRep16	1	Swap-seq_TDL	THP-1	THP-1	Swap-seq_TDL	Swap-seq_Barcode	FALSE	NA	1	1	16	B	ATTCTAGG	CTAGCGCT
Swap-seq_TDL_BioRep1_FFRep1_binC_PCRRep1	1	Swap-seq_TDL	THP-1	THP-1	Swap-seq_TDL	Swap-seq_Barcode	FALSE	NA	1	1	1	C	CGTTACCA	CTAGCGCT
Swap-seq_TDL_BioRep1_FFRep1_binC_PCRRep2	1	Swap-seq_TDL	THP-1	THP-1	Swap-seq_TDL	Swap-seq_Barcode	FALSE	NA	1	1	2	C	GTCTGATG	CTAGCGCT
Swap-seq_TDL_BioRep1_FFRep1_binC_PCRRep3	1	Swap-seq_TDL	THP-1	THP-1	Swap-seq_TDL	Swap-seq_Barcode	FALSE	NA	1	1	3	C	TTACGCAC	CTAGCGCT
Swap-seq_TDL_BioRep1_FFRep1_binC_PCRRep4	1	Swap-seq_TDL	THP-1	THP-1	Swap-seq_TDL	Swap-seq_Barcode	FALSE	NA	1	1	4	C	TTGAATAG	CTAGCGCT
Swap-seq_TDL_BioRep1_FFRep1_binC_PCRRep5	1	Swap-seq_TDL	THP-1	THP-1	Swap-seq_TDL	Swap-seq_Barcode	FALSE	NA	1	1	5	C	AAGACACT	CTAGCGCT
Swap-seq_TDL_BioRep1_FFRep1_binC_PCRRep6	1	Swap-seq_TDL	THP-1	THP-1	Swap-seq_TDL	Swap-seq_Barcode	FALSE	NA	1	1	6	C	CAGCAAGG	CTAGCGCT
Swap-seq_TDL_BioRep1_FFRep1_binC_PCRRep7	1	Swap-seq_TDL	THP-1	THP-1	Swap-seq_TDL	Swap-seq_Barcode	FALSE	NA	1	1	7	C	TCCAGCAA	CTAGCGCT
Swap-seq_TDL_BioRep1_FFRep1_binC_PCRRep8	1	Swap-seq_TDL	THP-1	THP-1	Swap-seq_TDL	Swap-seq_Barcode	FALSE	NA	1	1	8	C	CCAGAGCT	CTAGCGCT
Swap-seq_TDL_BioRep1_FFRep1_binC_PCRRep9	1	Swap-seq_TDL	THP-1	THP-1	Swap-seq_TDL	Swap-seq_Barcode	FALSE	NA	1	1	9	C	TCCTTGGT	CTAGCGCT
Swap-seq_TDL_BioRep1_FFRep1_binC_PCRRep10	1	Swap-seq_TDL	THP-1	THP-1	Swap-seq_TDL	Swap-seq_Barcode	FALSE	NA	1	1	10	C	AGGTTATC	CTAGCGCT
Swap-seq_TDL_BioRep1_FFRep1_binC_PCRRep11	1	Swap-seq_TDL	THP-1	THP-1	Swap-seq_TDL	Swap-seq_Barcode	FALSE	NA	1	1	11	C	GTCATCTA	CTAGCGCT
Swap-seq_TDL_BioRep1_FFRep1_binC_PCRRep12	1	Swap-seq_TDL	THP-1	THP-1	Swap-seq_TDL	Swap-seq_Barcode	FALSE	NA	1	1	12	C	CCTTCGCA	CTAGCGCT
Swap-seq_TDL_BioRep1_FFRep1_binC_PCRRep13	1	Swap-seq_TDL	THP-1	THP-1	Swap-seq_TDL	Swap-seq_Barcode	FALSE	NA	1	1	13	C	TCTCGGTC	CTAGCGCT
Swap-seq_TDL_BioRep1_FFRep1_binC_PCRRep14	1	Swap-seq_TDL	THP-1	THP-1	Swap-seq_TDL	Swap-seq_Barcode	FALSE	NA	1	1	14	C	ATTGTCTG	CTAGCGCT
Swap-seq_TDL_BioRep1_FFRep1_binC_PCRRep15	1	Swap-seq_TDL	THP-1	THP-1	Swap-seq_TDL	Swap-seq_Barcode	FALSE	NA	1	1	15	C	GAACCTAG	CTAGCGCT
Swap-seq_TDL_BioRep1_FFRep1_binC_PCRRep16	1	Swap-seq_TDL	THP-1	THP-1	Swap-seq_TDL	Swap-seq_Barcode	FALSE	NA	1	1	16	C	TAATGAAC	CTAGCGCT
Swap-seq_TDL_BioRep1_FFRep1_binD_PCRRep1	1	Swap-seq_TDL	THP-1	THP-1	Swap-seq_TDL	Swap-seq_Barcode	FALSE	NA	1	1	1	D	CTACCAGG	TCGATATC
Swap-seq_TDL_BioRep1_FFRep1_binD_PCRRep2	1	Swap-seq_TDL	THP-1	THP-1	Swap-seq_TDL	Swap-seq_Barcode	FALSE	NA	1	1	2	D	CATGCTTA	TCGATATC
Swap-seq_TDL_BioRep1_FFRep1_binD_PCRRep3	1	Swap-seq_TDL	THP-1	THP-1	Swap-seq_TDL	Swap-seq_Barcode	FALSE	NA	1	1	3	D	GCACATCT	TCGATATC
Swap-seq_TDL_BioRep1_FFRep1_binD_PCRRep4	1	Swap-seq_TDL	THP-1	THP-1	Swap-seq_TDL	Swap-seq_Barcode	FALSE	NA	1	1	4	D	TGCTCGAC	TCGATATC
Swap-seq_TDL_BioRep1_FFRep1_binD_PCRRep5	1	Swap-seq_TDL	THP-1	THP-1	Swap-seq_TDL	Swap-seq_Barcode	FALSE	NA	1	1	5	D	AGCAATTC	TCGATATC
Swap-seq_TDL_BioRep1_FFRep1_binD_PCRRep6	1	Swap-seq_TDL	THP-1	THP-1	Swap-seq_TDL	Swap-seq_Barcode	FALSE	NA	1	1	6	D	AGTTGCTT	TCGATATC
Swap-seq_TDL_BioRep1_FFRep1_binD_PCRRep7	1	Swap-seq_TDL	THP-1	THP-1	Swap-seq_TDL	Swap-seq_Barcode	FALSE	NA	1	1	7	D	CCAGTTAG	TCGATATC
Swap-seq_TDL_BioRep1_FFRep1_binD_PCRRep8	1	Swap-seq_TDL	THP-1	THP-1	Swap-seq_TDL	Swap-seq_Barcode	FALSE	NA	1	1	8	D	TTGAGCCT	TCGATATC
Swap-seq_TDL_BioRep1_FFRep1_binD_PCRRep9	1	Swap-seq_TDL	THP-1	THP-1	Swap-seq_TDL	Swap-seq_Barcode	FALSE	NA	1	1	9	D	ACCAACTG	TCGATATC
Swap-seq_TDL_BioRep1_FFRep1_binD_PCRRep10	1	Swap-seq_TDL	THP-1	THP-1	Swap-seq_TDL	Swap-seq_Barcode	FALSE	NA	1	1	10	D	GGTCCAGA	TCGATATC
Swap-seq_TDL_BioRep1_FFRep1_binD_PCRRep11	1	Swap-seq_TDL	THP-1	THP-1	Swap-seq_TDL	Swap-seq_Barcode	FALSE	NA	1	1	11	D	GTATAACA	TCGATATC
Swap-seq_TDL_BioRep1_FFRep1_binD_PCRRep12	1	Swap-seq_TDL	THP-1	THP-1	Swap-seq_TDL	Swap-seq_Barcode	FALSE	NA	1	1	12	D	TTCGCTGA	TCGATATC
Swap-seq_TDL_BioRep1_FFRep1_binD_PCRRep13	1	Swap-seq_TDL	THP-1	THP-1	Swap-seq_TDL	Swap-seq_Barcode	FALSE	NA	1	1	13	D	AACTTGAC	TCGATATC
Swap-seq_TDL_BioRep1_FFRep1_binD_PCRRep14	1	Swap-seq_TDL	THP-1	THP-1	Swap-seq_TDL	Swap-seq_Barcode	FALSE	NA	1	1	14	D	CACATCCT	TCGATATC
Swap-seq_TDL_BioRep1_FFRep1_binD_PCRRep15	1	Swap-seq_TDL	THP-1	THP-1	Swap-seq_TDL	Swap-seq_Barcode	FALSE	NA	1	1	15	D	TCGGAATG	TCGATATC
Swap-seq_TDL_BioRep1_FFRep1_binD_PCRRep16	1	Swap-seq_TDL	THP-1	THP-1	Swap-seq_TDL	Swap-seq_Barcode	FALSE	NA	1	1	16	D	AAGGATGT	TCGATATC
Swap-seq_TDL_All_Input_BioRep1_FFRep1_PCRRep1	1	Swap-seq_TDL	THP-1	THP-1	Swap-seq_TDL	Swap-seq_Barcode	FALSE	NA	1	1	1	All	CGTTACCA	CTCACCAA
Swap-seq_TDL_All_Input_BioRep1_FFRep1_PCRRep2	1	Swap-seq_TDL	THP-1	THP-1	Swap-seq_TDL	Swap-seq_Barcode	FALSE	NA	1	1	2	All	TCCTTGGT	CTCACCAA
Swap-seq_TDL_BioRep1_FFRep2_binA_PCRRep1	2	Swap-seq_TDL	THP-1	THP-1	Swap-seq_TDL	Swap-seq_Barcode	FALSE	NA	1	2	1	A	GCACACGA	TCGATATC
Swap-seq_TDL_BioRep1_FFRep2_binA_PCRRep2	2	Swap-seq_TDL	THP-1	THP-1	Swap-seq_TDL	Swap-seq_Barcode	FALSE	NA	1	2	2	A	TCTGGCGA	TCGATATC
Swap-seq_TDL_BioRep1_FFRep2_binA_PCRRep3	2	Swap-seq_TDL	THP-1	THP-1	Swap-seq_TDL	Swap-seq_Barcode	FALSE	NA	1	2	3	A	CATAGCGA	TCGATATC
Swap-seq_TDL_BioRep1_FFRep2_binA_PCRRep4	2	Swap-seq_TDL	THP-1	THP-1	Swap-seq_TDL	Swap-seq_Barcode	FALSE	NA	1	2	4	A	CAGGAGCC	TCGATATC
Swap-seq_TDL_BioRep1_FFRep2_binA_PCRRep5	2	Swap-seq_TDL	THP-1	THP-1	Swap-seq_TDL	Swap-seq_Barcode	FALSE	NA	1	2	5	A	TGTCGGAT	TCGATATC
Swap-seq_TDL_BioRep1_FFRep2_binA_PCRRep6	2	Swap-seq_TDL	THP-1	THP-1	Swap-seq_TDL	Swap-seq_Barcode	FALSE	NA	1	2	6	A	ATTATGTT	TCGATATC
Swap-seq_TDL_BioRep1_FFRep2_binA_PCRRep7	2	Swap-seq_TDL	THP-1	THP-1	Swap-seq_TDL	Swap-seq_Barcode	FALSE	NA	1	2	7	A	CCTACCAT	TCGATATC
Swap-seq_TDL_BioRep1_FFRep2_binA_PCRRep8	2	Swap-seq_TDL	THP-1	THP-1	Swap-seq_TDL	Swap-seq_Barcode	FALSE	NA	1	2	8	A	TACTTAGC	TCGATATC
Swap-seq_TDL_BioRep1_FFRep2_binA_PCRRep9	2	Swap-seq_TDL	THP-1	THP-1	Swap-seq_TDL	Swap-seq_Barcode	FALSE	NA	1	2	9	A	GAAGAAGT	TCGATATC
Swap-seq_TDL_BioRep1_FFRep2_binA_PCRRep10	2	Swap-seq_TDL	THP-1	THP-1	Swap-seq_TDL	Swap-seq_Barcode	FALSE	NA	1	2	10	A	AGGATCTA	TCGATATC
Swap-seq_TDL_BioRep1_FFRep2_binA_PCRRep11	2	Swap-seq_TDL	THP-1	THP-1	Swap-seq_TDL	Swap-seq_Barcode	FALSE	NA	1	2	11	A	GACAGTAA	TCGATATC
Swap-seq_TDL_BioRep1_FFRep2_binA_PCRRep12	2	Swap-seq_TDL	THP-1	THP-1	Swap-seq_TDL	Swap-seq_Barcode	FALSE	NA	1	2	12	A	CCTATGCC	TCGATATC
Swap-seq_TDL_BioRep1_FFRep2_binA_PCRRep13	2	Swap-seq_TDL	THP-1	THP-1	Swap-seq_TDL	Swap-seq_Barcode	FALSE	NA	1	2	13	A	TCGCCTTG	TCGATATC
Swap-seq_TDL_BioRep1_FFRep2_binA_PCRRep14	2	Swap-seq_TDL	THP-1	THP-1	Swap-seq_TDL	Swap-seq_Barcode	FALSE	NA	1	2	14	A	ATAGCGTC	TCGATATC
Swap-seq_TDL_BioRep1_FFRep2_binA_PCRRep15	2	Swap-seq_TDL	THP-1	THP-1	Swap-seq_TDL	Swap-seq_Barcode	FALSE	NA	1	2	15	A	GTCGCCTT	TCGATATC
Swap-seq_TDL_BioRep1_FFRep2_binA_PCRRep16	2	Swap-seq_TDL	THP-1	THP-1	Swap-seq_TDL	Swap-seq_Barcode	FALSE	NA	1	2	16	A	ATTCTAGG	TCGATATC
Swap-seq_TDL_BioRep1_FFRep2_binB_PCRRep1	2	Swap-seq_TDL	THP-1	THP-1	Swap-seq_TDL	Swap-seq_Barcode	FALSE	NA	1	2	1	B	CGTTACCA	TCGATATC
Swap-seq_TDL_BioRep1_FFRep2_binB_PCRRep2	2	Swap-seq_TDL	THP-1	THP-1	Swap-seq_TDL	Swap-seq_Barcode	FALSE	NA	1	2	2	B	GTCTGATG	TCGATATC
Swap-seq_TDL_BioRep1_FFRep2_binB_PCRRep3	2	Swap-seq_TDL	THP-1	THP-1	Swap-seq_TDL	Swap-seq_Barcode	FALSE	NA	1	2	3	B	TTACGCAC	TCGATATC
Swap-seq_TDL_BioRep1_FFRep2_binB_PCRRep4	2	Swap-seq_TDL	THP-1	THP-1	Swap-seq_TDL	Swap-seq_Barcode	FALSE	NA	1	2	4	B	TTGAATAG	TCGATATC
Swap-seq_TDL_BioRep1_FFRep2_binB_PCRRep5	2	Swap-seq_TDL	THP-1	THP-1	Swap-seq_TDL	Swap-seq_Barcode	FALSE	NA	1	2	5	B	AAGACACT	TCGATATC
Swap-seq_TDL_BioRep1_FFRep2_binB_PCRRep6	2	Swap-seq_TDL	THP-1	THP-1	Swap-seq_TDL	Swap-seq_Barcode	FALSE	NA	1	2	6	B	CAGCAAGG	TCGATATC
Swap-seq_TDL_BioRep1_FFRep2_binB_PCRRep7	2	Swap-seq_TDL	THP-1	THP-1	Swap-seq_TDL	Swap-seq_Barcode	FALSE	NA	1	2	7	B	TCCAGCAA	TCGATATC
Swap-seq_TDL_BioRep1_FFRep2_binB_PCRRep8	2	Swap-seq_TDL	THP-1	THP-1	Swap-seq_TDL	Swap-seq_Barcode	FALSE	NA	1	2	8	B	CCAGAGCT	TCGATATC
Swap-seq_TDL_BioRep1_FFRep2_binB_PCRRep9	2	Swap-seq_TDL	THP-1	THP-1	Swap-seq_TDL	Swap-seq_Barcode	FALSE	NA	1	2	9	B	TCCTTGGT	TCGATATC
Swap-seq_TDL_BioRep1_FFRep2_binB_PCRRep10	2	Swap-seq_TDL	THP-1	THP-1	Swap-seq_TDL	Swap-seq_Barcode	FALSE	NA	1	2	10	B	AGGTTATC	TCGATATC
Swap-seq_TDL_BioRep1_FFRep2_binB_PCRRep11	2	Swap-seq_TDL	THP-1	THP-1	Swap-seq_TDL	Swap-seq_Barcode	FALSE	NA	1	2	11	B	GTCATCTA	TCGATATC
Swap-seq_TDL_BioRep1_FFRep2_binB_PCRRep12	2	Swap-seq_TDL	THP-1	THP-1	Swap-seq_TDL	Swap-seq_Barcode	FALSE	NA	1	2	12	B	CCTTCGCA	TCGATATC
Swap-seq_TDL_BioRep1_FFRep2_binB_PCRRep13	2	Swap-seq_TDL	THP-1	THP-1	Swap-seq_TDL	Swap-seq_Barcode	FALSE	NA	1	2	13	B	TCTCGGTC	TCGATATC
Swap-seq_TDL_BioRep1_FFRep2_binB_PCRRep14	2	Swap-seq_TDL	THP-1	THP-1	Swap-seq_TDL	Swap-seq_Barcode	FALSE	NA	1	2	14	B	ATTGTCTG	TCGATATC
Swap-seq_TDL_BioRep1_FFRep2_binB_PCRRep15	2	Swap-seq_TDL	THP-1	THP-1	Swap-seq_TDL	Swap-seq_Barcode	FALSE	NA	1	2	15	B	GAACCTAG	TCGATATC
Swap-seq_TDL_BioRep1_FFRep2_binB_PCRRep16	2	Swap-seq_TDL	THP-1	THP-1	Swap-seq_TDL	Swap-seq_Barcode	FALSE	NA	1	2	16	B	TAATGAAC	TCGATATC
Swap-seq_TDL_BioRep1_FFRep2_binC_PCRRep1	2	Swap-seq_TDL	THP-1	THP-1	Swap-seq_TDL	Swap-seq_Barcode	FALSE	NA	1	2	1	C	CTACCAGG	CGTCTGCG
Swap-seq_TDL_BioRep1_FFRep2_binC_PCRRep2	2	Swap-seq_TDL	THP-1	THP-1	Swap-seq_TDL	Swap-seq_Barcode	FALSE	NA	1	2	2	C	CATGCTTA	CGTCTGCG
Swap-seq_TDL_BioRep1_FFRep2_binC_PCRRep3	2	Swap-seq_TDL	THP-1	THP-1	Swap-seq_TDL	Swap-seq_Barcode	FALSE	NA	1	2	3	C	GCACATCT	CGTCTGCG
Swap-seq_TDL_BioRep1_FFRep2_binC_PCRRep4	2	Swap-seq_TDL	THP-1	THP-1	Swap-seq_TDL	Swap-seq_Barcode	FALSE	NA	1	2	4	C	TGCTCGAC	CGTCTGCG
Swap-seq_TDL_BioRep1_FFRep2_binC_PCRRep5	2	Swap-seq_TDL	THP-1	THP-1	Swap-seq_TDL	Swap-seq_Barcode	FALSE	NA	1	2	5	C	AGCAATTC	CGTCTGCG
Swap-seq_TDL_BioRep1_FFRep2_binC_PCRRep6	2	Swap-seq_TDL	THP-1	THP-1	Swap-seq_TDL	Swap-seq_Barcode	FALSE	NA	1	2	6	C	AGTTGCTT	CGTCTGCG
Swap-seq_TDL_BioRep1_FFRep2_binC_PCRRep7	2	Swap-seq_TDL	THP-1	THP-1	Swap-seq_TDL	Swap-seq_Barcode	FALSE	NA	1	2	7	C	CCAGTTAG	CGTCTGCG
Swap-seq_TDL_BioRep1_FFRep2_binC_PCRRep8	2	Swap-seq_TDL	THP-1	THP-1	Swap-seq_TDL	Swap-seq_Barcode	FALSE	NA	1	2	8	C	TTGAGCCT	CGTCTGCG
Swap-seq_TDL_BioRep1_FFRep2_binC_PCRRep9	2	Swap-seq_TDL	THP-1	THP-1	Swap-seq_TDL	Swap-seq_Barcode	FALSE	NA	1	2	9	C	ACCAACTG	CGTCTGCG
Swap-seq_TDL_BioRep1_FFRep2_binC_PCRRep10	2	Swap-seq_TDL	THP-1	THP-1	Swap-seq_TDL	Swap-seq_Barcode	FALSE	NA	1	2	10	C	GGTCCAGA	CGTCTGCG
Swap-seq_TDL_BioRep1_FFRep2_binC_PCRRep11	2	Swap-seq_TDL	THP-1	THP-1	Swap-seq_TDL	Swap-seq_Barcode	FALSE	NA	1	2	11	C	GTATAACA	CGTCTGCG
Swap-seq_TDL_BioRep1_FFRep2_binC_PCRRep12	2	Swap-seq_TDL	THP-1	THP-1	Swap-seq_TDL	Swap-seq_Barcode	FALSE	NA	1	2	12	C	TTCGCTGA	CGTCTGCG
Swap-seq_TDL_BioRep1_FFRep2_binC_PCRRep13	2	Swap-seq_TDL	THP-1	THP-1	Swap-seq_TDL	Swap-seq_Barcode	FALSE	NA	1	2	13	C	AACTTGAC	CGTCTGCG
Swap-seq_TDL_BioRep1_FFRep2_binC_PCRRep14	2	Swap-seq_TDL	THP-1	THP-1	Swap-seq_TDL	Swap-seq_Barcode	FALSE	NA	1	2	14	C	CACATCCT	CGTCTGCG
Swap-seq_TDL_BioRep1_FFRep2_binC_PCRRep15	2	Swap-seq_TDL	THP-1	THP-1	Swap-seq_TDL	Swap-seq_Barcode	FALSE	NA	1	2	15	C	TCGGAATG	CGTCTGCG
Swap-seq_TDL_BioRep1_FFRep2_binC_PCRRep16	2	Swap-seq_TDL	THP-1	THP-1	Swap-seq_TDL	Swap-seq_Barcode	FALSE	NA	1	2	16	C	AAGGATGT	CGTCTGCG
Swap-seq_TDL_BioRep1_FFRep2_binD_PCRRep1	2	Swap-seq_TDL	THP-1	THP-1	Swap-seq_TDL	Swap-seq_Barcode	FALSE	NA	1	2	1	D	GCACACGA	CGTCTGCG
Swap-seq_TDL_BioRep1_FFRep2_binD_PCRRep2	2	Swap-seq_TDL	THP-1	THP-1	Swap-seq_TDL	Swap-seq_Barcode	FALSE	NA	1	2	2	D	TCTGGCGA	CGTCTGCG
Swap-seq_TDL_BioRep1_FFRep2_binD_PCRRep3	2	Swap-seq_TDL	THP-1	THP-1	Swap-seq_TDL	Swap-seq_Barcode	FALSE	NA	1	2	3	D	CATAGCGA	CGTCTGCG
Swap-seq_TDL_BioRep1_FFRep2_binD_PCRRep4	2	Swap-seq_TDL	THP-1	THP-1	Swap-seq_TDL	Swap-seq_Barcode	FALSE	NA	1	2	4	D	CAGGAGCC	CGTCTGCG
Swap-seq_TDL_BioRep1_FFRep2_binD_PCRRep5	2	Swap-seq_TDL	THP-1	THP-1	Swap-seq_TDL	Swap-seq_Barcode	FALSE	NA	1	2	5	D	TGTCGGAT	CGTCTGCG
Swap-seq_TDL_BioRep1_FFRep2_binD_PCRRep6	2	Swap-seq_TDL	THP-1	THP-1	Swap-seq_TDL	Swap-seq_Barcode	FALSE	NA	1	2	6	D	ATTATGTT	CGTCTGCG
Swap-seq_TDL_BioRep1_FFRep2_binD_PCRRep7	2	Swap-seq_TDL	THP-1	THP-1	Swap-seq_TDL	Swap-seq_Barcode	FALSE	NA	1	2	7	D	CCTACCAT	CGTCTGCG
Swap-seq_TDL_BioRep1_FFRep2_binD_PCRRep8	2	Swap-seq_TDL	THP-1	THP-1	Swap-seq_TDL	Swap-seq_Barcode	FALSE	NA	1	2	8	D	TACTTAGC	CGTCTGCG
Swap-seq_TDL_BioRep1_FFRep2_binD_PCRRep9	2	Swap-seq_TDL	THP-1	THP-1	Swap-seq_TDL	Swap-seq_Barcode	FALSE	NA	1	2	9	D	GAAGAAGT	CGTCTGCG
Swap-seq_TDL_BioRep1_FFRep2_binD_PCRRep10	2	Swap-seq_TDL	THP-1	THP-1	Swap-seq_TDL	Swap-seq_Barcode	FALSE	NA	1	2	10	D	AGGATCTA	CGTCTGCG
Swap-seq_TDL_BioRep1_FFRep2_binD_PCRRep11	2	Swap-seq_TDL	THP-1	THP-1	Swap-seq_TDL	Swap-seq_Barcode	FALSE	NA	1	2	11	D	GACAGTAA	CGTCTGCG
Swap-seq_TDL_BioRep1_FFRep2_binD_PCRRep12	2	Swap-seq_TDL	THP-1	THP-1	Swap-seq_TDL	Swap-seq_Barcode	FALSE	NA	1	2	12	D	CCTATGCC	CGTCTGCG
Swap-seq_TDL_BioRep1_FFRep2_binD_PCRRep13	2	Swap-seq_TDL	THP-1	THP-1	Swap-seq_TDL	Swap-seq_Barcode	FALSE	NA	1	2	13	D	TCGCCTTG	CGTCTGCG
Swap-seq_TDL_BioRep1_FFRep2_binD_PCRRep14	2	Swap-seq_TDL	THP-1	THP-1	Swap-seq_TDL	Swap-seq_Barcode	FALSE	NA	1	2	14	D	ATAGCGTC	CGTCTGCG
Swap-seq_TDL_BioRep1_FFRep2_binD_PCRRep15	2	Swap-seq_TDL	THP-1	THP-1	Swap-seq_TDL	Swap-seq_Barcode	FALSE	NA	1	2	15	D	GTCGCCTT	CGTCTGCG
Swap-seq_TDL_BioRep1_FFRep2_binD_PCRRep16	2	Swap-seq_TDL	THP-1	THP-1	Swap-seq_TDL	Swap-seq_Barcode	FALSE	NA	1	2	16	D	ATTCTAGG	CGTCTGCG
Swap-seq_TDL_All_Input_BioRep1_FFRep2_PCRRep1	2	Swap-seq_TDL	THP-1	THP-1	Swap-seq_TDL	Swap-seq_Barcode	FALSE	NA	1	2	1	All	GTCTGATG	CTCACCAA
Swap-seq_TDL_All_Input_BioRep1_FFRep2_PCRRep2	2	Swap-seq_TDL	THP-1	THP-1	Swap-seq_TDL	Swap-seq_Barcode	FALSE	NA	1	2	2	All	AGGTTATC	CTCACCAA
Swap-seq_TDL_BioRep1_FFRep3_binA_PCRRep1	3	Swap-seq_TDL	THP-1	THP-1	Swap-seq_TDL	Swap-seq_Barcode	FALSE	NA	1	3	1	A	CGTTACCA	CGTCTGCG
Swap-seq_TDL_BioRep1_FFRep3_binA_PCRRep2	3	Swap-seq_TDL	THP-1	THP-1	Swap-seq_TDL	Swap-seq_Barcode	FALSE	NA	1	3	2	A	GTCTGATG	CGTCTGCG
Swap-seq_TDL_BioRep1_FFRep3_binA_PCRRep3	3	Swap-seq_TDL	THP-1	THP-1	Swap-seq_TDL	Swap-seq_Barcode	FALSE	NA	1	3	3	A	TTACGCAC	CGTCTGCG
Swap-seq_TDL_BioRep1_FFRep3_binA_PCRRep4	3	Swap-seq_TDL	THP-1	THP-1	Swap-seq_TDL	Swap-seq_Barcode	FALSE	NA	1	3	4	A	TTGAATAG	CGTCTGCG
Swap-seq_TDL_BioRep1_FFRep3_binA_PCRRep5	3	Swap-seq_TDL	THP-1	THP-1	Swap-seq_TDL	Swap-seq_Barcode	FALSE	NA	1	3	5	A	AAGACACT	CGTCTGCG
Swap-seq_TDL_BioRep1_FFRep3_binA_PCRRep6	3	Swap-seq_TDL	THP-1	THP-1	Swap-seq_TDL	Swap-seq_Barcode	FALSE	NA	1	3	6	A	CAGCAAGG	CGTCTGCG
Swap-seq_TDL_BioRep1_FFRep3_binA_PCRRep7	3	Swap-seq_TDL	THP-1	THP-1	Swap-seq_TDL	Swap-seq_Barcode	FALSE	NA	1	3	7	A	TCCAGCAA	CGTCTGCG
Swap-seq_TDL_BioRep1_FFRep3_binA_PCRRep8	3	Swap-seq_TDL	THP-1	THP-1	Swap-seq_TDL	Swap-seq_Barcode	FALSE	NA	1	3	8	A	CCAGAGCT	CGTCTGCG
Swap-seq_TDL_BioRep1_FFRep3_binA_PCRRep9	3	Swap-seq_TDL	THP-1	THP-1	Swap-seq_TDL	Swap-seq_Barcode	FALSE	NA	1	3	9	A	TCCTTGGT	CGTCTGCG
Swap-seq_TDL_BioRep1_FFRep3_binA_PCRRep10	3	Swap-seq_TDL	THP-1	THP-1	Swap-seq_TDL	Swap-seq_Barcode	FALSE	NA	1	3	10	A	AGGTTATC	CGTCTGCG
Swap-seq_TDL_BioRep1_FFRep3_binA_PCRRep11	3	Swap-seq_TDL	THP-1	THP-1	Swap-seq_TDL	Swap-seq_Barcode	FALSE	NA	1	3	11	A	GTCATCTA	CGTCTGCG
Swap-seq_TDL_BioRep1_FFRep3_binA_PCRRep12	3	Swap-seq_TDL	THP-1	THP-1	Swap-seq_TDL	Swap-seq_Barcode	FALSE	NA	1	3	12	A	CCTTCGCA	CGTCTGCG
Swap-seq_TDL_BioRep1_FFRep3_binA_PCRRep13	3	Swap-seq_TDL	THP-1	THP-1	Swap-seq_TDL	Swap-seq_Barcode	FALSE	NA	1	3	13	A	TCTCGGTC	CGTCTGCG
Swap-seq_TDL_BioRep1_FFRep3_binA_PCRRep14	3	Swap-seq_TDL	THP-1	THP-1	Swap-seq_TDL	Swap-seq_Barcode	FALSE	NA	1	3	14	A	ATTGTCTG	CGTCTGCG
Swap-seq_TDL_BioRep1_FFRep3_binA_PCRRep15	3	Swap-seq_TDL	THP-1	THP-1	Swap-seq_TDL	Swap-seq_Barcode	FALSE	NA	1	3	15	A	GAACCTAG	CGTCTGCG
Swap-seq_TDL_BioRep1_FFRep3_binA_PCRRep16	3	Swap-seq_TDL	THP-1	THP-1	Swap-seq_TDL	Swap-seq_Barcode	FALSE	NA	1	3	16	A	TAATGAAC	CGTCTGCG
Swap-seq_TDL_BioRep1_FFRep3_binB_PCRRep1	3	Swap-seq_TDL	THP-1	THP-1	Swap-seq_TDL	Swap-seq_Barcode	FALSE	NA	1	3	1	B	CTACCAGG	TACTCATA
Swap-seq_TDL_BioRep1_FFRep3_binB_PCRRep2	3	Swap-seq_TDL	THP-1	THP-1	Swap-seq_TDL	Swap-seq_Barcode	FALSE	NA	1	3	2	B	CATGCTTA	TACTCATA
Swap-seq_TDL_BioRep1_FFRep3_binB_PCRRep3	3	Swap-seq_TDL	THP-1	THP-1	Swap-seq_TDL	Swap-seq_Barcode	FALSE	NA	1	3	3	B	GCACATCT	TACTCATA
Swap-seq_TDL_BioRep1_FFRep3_binB_PCRRep4	3	Swap-seq_TDL	THP-1	THP-1	Swap-seq_TDL	Swap-seq_Barcode	FALSE	NA	1	3	4	B	TGCTCGAC	TACTCATA
Swap-seq_TDL_BioRep1_FFRep3_binB_PCRRep5	3	Swap-seq_TDL	THP-1	THP-1	Swap-seq_TDL	Swap-seq_Barcode	FALSE	NA	1	3	5	B	AGCAATTC	TACTCATA
Swap-seq_TDL_BioRep1_FFRep3_binB_PCRRep6	3	Swap-seq_TDL	THP-1	THP-1	Swap-seq_TDL	Swap-seq_Barcode	FALSE	NA	1	3	6	B	AGTTGCTT	TACTCATA
Swap-seq_TDL_BioRep1_FFRep3_binB_PCRRep7	3	Swap-seq_TDL	THP-1	THP-1	Swap-seq_TDL	Swap-seq_Barcode	FALSE	NA	1	3	7	B	CCAGTTAG	TACTCATA
Swap-seq_TDL_BioRep1_FFRep3_binB_PCRRep8	3	Swap-seq_TDL	THP-1	THP-1	Swap-seq_TDL	Swap-seq_Barcode	FALSE	NA	1	3	8	B	TTGAGCCT	TACTCATA
Swap-seq_TDL_BioRep1_FFRep3_binB_PCRRep9	3	Swap-seq_TDL	THP-1	THP-1	Swap-seq_TDL	Swap-seq_Barcode	FALSE	NA	1	3	9	B	ACCAACTG	TACTCATA
Swap-seq_TDL_BioRep1_FFRep3_binB_PCRRep10	3	Swap-seq_TDL	THP-1	THP-1	Swap-seq_TDL	Swap-seq_Barcode	FALSE	NA	1	3	10	B	GGTCCAGA	TACTCATA
Swap-seq_TDL_BioRep1_FFRep3_binB_PCRRep11	3	Swap-seq_TDL	THP-1	THP-1	Swap-seq_TDL	Swap-seq_Barcode	FALSE	NA	1	3	11	B	GTATAACA	TACTCATA
Swap-seq_TDL_BioRep1_FFRep3_binB_PCRRep12	3	Swap-seq_TDL	THP-1	THP-1	Swap-seq_TDL	Swap-seq_Barcode	FALSE	NA	1	3	12	B	TTCGCTGA	TACTCATA
Swap-seq_TDL_BioRep1_FFRep3_binB_PCRRep13	3	Swap-seq_TDL	THP-1	THP-1	Swap-seq_TDL	Swap-seq_Barcode	FALSE	NA	1	3	13	B	AACTTGAC	TACTCATA
Swap-seq_TDL_BioRep1_FFRep3_binB_PCRRep14	3	Swap-seq_TDL	THP-1	THP-1	Swap-seq_TDL	Swap-seq_Barcode	FALSE	NA	1	3	14	B	CACATCCT	TACTCATA
Swap-seq_TDL_BioRep1_FFRep3_binB_PCRRep15	3	Swap-seq_TDL	THP-1	THP-1	Swap-seq_TDL	Swap-seq_Barcode	FALSE	NA	1	3	15	B	TCGGAATG	TACTCATA
Swap-seq_TDL_BioRep1_FFRep3_binB_PCRRep16	3	Swap-seq_TDL	THP-1	THP-1	Swap-seq_TDL	Swap-seq_Barcode	FALSE	NA	1	3	16	B	AAGGATGT	TACTCATA
Swap-seq_TDL_BioRep1_FFRep3_binC_PCRRep1	3	Swap-seq_TDL	THP-1	THP-1	Swap-seq_TDL	Swap-seq_Barcode	FALSE	NA	1	3	1	C	GCACACGA	TACTCATA
Swap-seq_TDL_BioRep1_FFRep3_binC_PCRRep2	3	Swap-seq_TDL	THP-1	THP-1	Swap-seq_TDL	Swap-seq_Barcode	FALSE	NA	1	3	2	C	TCTGGCGA	TACTCATA
Swap-seq_TDL_BioRep1_FFRep3_binC_PCRRep3	3	Swap-seq_TDL	THP-1	THP-1	Swap-seq_TDL	Swap-seq_Barcode	FALSE	NA	1	3	3	C	CATAGCGA	TACTCATA
Swap-seq_TDL_BioRep1_FFRep3_binC_PCRRep4	3	Swap-seq_TDL	THP-1	THP-1	Swap-seq_TDL	Swap-seq_Barcode	FALSE	NA	1	3	4	C	CAGGAGCC	TACTCATA
Swap-seq_TDL_BioRep1_FFRep3_binC_PCRRep5	3	Swap-seq_TDL	THP-1	THP-1	Swap-seq_TDL	Swap-seq_Barcode	FALSE	NA	1	3	5	C	TGTCGGAT	TACTCATA
Swap-seq_TDL_BioRep1_FFRep3_binC_PCRRep6	3	Swap-seq_TDL	THP-1	THP-1	Swap-seq_TDL	Swap-seq_Barcode	FALSE	NA	1	3	6	C	ATTATGTT	TACTCATA
Swap-seq_TDL_BioRep1_FFRep3_binC_PCRRep7	3	Swap-seq_TDL	THP-1	THP-1	Swap-seq_TDL	Swap-seq_Barcode	FALSE	NA	1	3	7	C	CCTACCAT	TACTCATA
Swap-seq_TDL_BioRep1_FFRep3_binC_PCRRep8	3	Swap-seq_TDL	THP-1	THP-1	Swap-seq_TDL	Swap-seq_Barcode	FALSE	NA	1	3	8	C	TACTTAGC	TACTCATA
Swap-seq_TDL_BioRep1_FFRep3_binC_PCRRep9	3	Swap-seq_TDL	THP-1	THP-1	Swap-seq_TDL	Swap-seq_Barcode	FALSE	NA	1	3	9	C	GAAGAAGT	TACTCATA
Swap-seq_TDL_BioRep1_FFRep3_binC_PCRRep10	3	Swap-seq_TDL	THP-1	THP-1	Swap-seq_TDL	Swap-seq_Barcode	FALSE	NA	1	3	10	C	AGGATCTA	TACTCATA
Swap-seq_TDL_BioRep1_FFRep3_binC_PCRRep11	3	Swap-seq_TDL	THP-1	THP-1	Swap-seq_TDL	Swap-seq_Barcode	FALSE	NA	1	3	11	C	GACAGTAA	TACTCATA
Swap-seq_TDL_BioRep1_FFRep3_binC_PCRRep12	3	Swap-seq_TDL	THP-1	THP-1	Swap-seq_TDL	Swap-seq_Barcode	FALSE	NA	1	3	12	C	CCTATGCC	TACTCATA
Swap-seq_TDL_BioRep1_FFRep3_binC_PCRRep13	3	Swap-seq_TDL	THP-1	THP-1	Swap-seq_TDL	Swap-seq_Barcode	FALSE	NA	1	3	13	C	TCGCCTTG	TACTCATA
Swap-seq_TDL_BioRep1_FFRep3_binC_PCRRep14	3	Swap-seq_TDL	THP-1	THP-1	Swap-seq_TDL	Swap-seq_Barcode	FALSE	NA	1	3	14	C	ATAGCGTC	TACTCATA
Swap-seq_TDL_BioRep1_FFRep3_binC_PCRRep15	3	Swap-seq_TDL	THP-1	THP-1	Swap-seq_TDL	Swap-seq_Barcode	FALSE	NA	1	3	15	C	GTCGCCTT	TACTCATA
Swap-seq_TDL_BioRep1_FFRep3_binC_PCRRep16	3	Swap-seq_TDL	THP-1	THP-1	Swap-seq_TDL	Swap-seq_Barcode	FALSE	NA	1	3	16	C	ATTCTAGG	TACTCATA
Swap-seq_TDL_BioRep1_FFRep3_binD_PCRRep1	3	Swap-seq_TDL	THP-1	THP-1	Swap-seq_TDL	Swap-seq_Barcode	FALSE	NA	1	3	1	D	CGTTACCA	TACTCATA
Swap-seq_TDL_BioRep1_FFRep3_binD_PCRRep2	3	Swap-seq_TDL	THP-1	THP-1	Swap-seq_TDL	Swap-seq_Barcode	FALSE	NA	1	3	2	D	GTCTGATG	TACTCATA
Swap-seq_TDL_BioRep1_FFRep3_binD_PCRRep3	3	Swap-seq_TDL	THP-1	THP-1	Swap-seq_TDL	Swap-seq_Barcode	FALSE	NA	1	3	3	D	TTACGCAC	TACTCATA
Swap-seq_TDL_BioRep1_FFRep3_binD_PCRRep4	3	Swap-seq_TDL	THP-1	THP-1	Swap-seq_TDL	Swap-seq_Barcode	FALSE	NA	1	3	4	D	TTGAATAG	TACTCATA
Swap-seq_TDL_BioRep1_FFRep3_binD_PCRRep5	3	Swap-seq_TDL	THP-1	THP-1	Swap-seq_TDL	Swap-seq_Barcode	FALSE	NA	1	3	5	D	AAGACACT	TACTCATA
Swap-seq_TDL_BioRep1_FFRep3_binD_PCRRep6	3	Swap-seq_TDL	THP-1	THP-1	Swap-seq_TDL	Swap-seq_Barcode	FALSE	NA	1	3	6	D	CAGCAAGG	TACTCATA
Swap-seq_TDL_BioRep1_FFRep3_binD_PCRRep7	3	Swap-seq_TDL	THP-1	THP-1	Swap-seq_TDL	Swap-seq_Barcode	FALSE	NA	1	3	7	D	TCCAGCAA	TACTCATA
Swap-seq_TDL_BioRep1_FFRep3_binD_PCRRep8	3	Swap-seq_TDL	THP-1	THP-1	Swap-seq_TDL	Swap-seq_Barcode	FALSE	NA	1	3	8	D	CCAGAGCT	TACTCATA
Swap-seq_TDL_BioRep1_FFRep3_binD_PCRRep9	3	Swap-seq_TDL	THP-1	THP-1	Swap-seq_TDL	Swap-seq_Barcode	FALSE	NA	1	3	9	D	TCCTTGGT	TACTCATA
Swap-seq_TDL_BioRep1_FFRep3_binD_PCRRep10	3	Swap-seq_TDL	THP-1	THP-1	Swap-seq_TDL	Swap-seq_Barcode	FALSE	NA	1	3	10	D	AGGTTATC	TACTCATA
Swap-seq_TDL_BioRep1_FFRep3_binD_PCRRep11	3	Swap-seq_TDL	THP-1	THP-1	Swap-seq_TDL	Swap-seq_Barcode	FALSE	NA	1	3	11	D	GTCATCTA	TACTCATA
Swap-seq_TDL_BioRep1_FFRep3_binD_PCRRep12	3	Swap-seq_TDL	THP-1	THP-1	Swap-seq_TDL	Swap-seq_Barcode	FALSE	NA	1	3	12	D	CCTTCGCA	TACTCATA
Swap-seq_TDL_BioRep1_FFRep3_binD_PCRRep13	3	Swap-seq_TDL	THP-1	THP-1	Swap-seq_TDL	Swap-seq_Barcode	FALSE	NA	1	3	13	D	TCTCGGTC	TACTCATA
Swap-seq_TDL_BioRep1_FFRep3_binD_PCRRep14	3	Swap-seq_TDL	THP-1	THP-1	Swap-seq_TDL	Swap-seq_Barcode	FALSE	NA	1	3	14	D	ATTGTCTG	TACTCATA
Swap-seq_TDL_BioRep1_FFRep3_binD_PCRRep15	3	Swap-seq_TDL	THP-1	THP-1	Swap-seq_TDL	Swap-seq_Barcode	FALSE	NA	1	3	15	D	GAACCTAG	TACTCATA
Swap-seq_TDL_BioRep1_FFRep3_binD_PCRRep16	3	Swap-seq_TDL	THP-1	THP-1	Swap-seq_TDL	Swap-seq_Barcode	FALSE	NA	1	3	16	D	TAATGAAC	TACTCATA
Swap-seq_TDL_All_Input_BioRep1_FFRep3_PCRRep1	3	Swap-seq_TDL	THP-1	THP-1	Swap-seq_TDL	Swap-seq_Barcode	FALSE	NA	1	3	1	All	TTACGCAC	CTCACCAA
Swap-seq_TDL_All_Input_BioRep1_FFRep3_PCRRep2	3	Swap-seq_TDL	THP-1	THP-1	Swap-seq_TDL	Swap-seq_Barcode	FALSE	NA	1	3	2	All	GTCATCTA	CTCACCAA
Swap-seq_TDL_BioRep1_FFRep4_binA_PCRRep1	4	Swap-seq_TDL	THP-1	THP-1	Swap-seq_TDL	Swap-seq_Barcode	FALSE	NA	1	4	1	A	CTACCAGG	ACGCACCT
Swap-seq_TDL_BioRep1_FFRep4_binA_PCRRep2	4	Swap-seq_TDL	THP-1	THP-1	Swap-seq_TDL	Swap-seq_Barcode	FALSE	NA	1	4	2	A	CATGCTTA	ACGCACCT
Swap-seq_TDL_BioRep1_FFRep4_binA_PCRRep3	4	Swap-seq_TDL	THP-1	THP-1	Swap-seq_TDL	Swap-seq_Barcode	FALSE	NA	1	4	3	A	GCACATCT	ACGCACCT
Swap-seq_TDL_BioRep1_FFRep4_binA_PCRRep4	4	Swap-seq_TDL	THP-1	THP-1	Swap-seq_TDL	Swap-seq_Barcode	FALSE	NA	1	4	4	A	TGCTCGAC	ACGCACCT
Swap-seq_TDL_BioRep1_FFRep4_binA_PCRRep5	4	Swap-seq_TDL	THP-1	THP-1	Swap-seq_TDL	Swap-seq_Barcode	FALSE	NA	1	4	5	A	AGCAATTC	ACGCACCT
Swap-seq_TDL_BioRep1_FFRep4_binA_PCRRep6	4	Swap-seq_TDL	THP-1	THP-1	Swap-seq_TDL	Swap-seq_Barcode	FALSE	NA	1	4	6	A	AGTTGCTT	ACGCACCT
Swap-seq_TDL_BioRep1_FFRep4_binA_PCRRep7	4	Swap-seq_TDL	THP-1	THP-1	Swap-seq_TDL	Swap-seq_Barcode	FALSE	NA	1	4	7	A	CCAGTTAG	ACGCACCT
Swap-seq_TDL_BioRep1_FFRep4_binA_PCRRep8	4	Swap-seq_TDL	THP-1	THP-1	Swap-seq_TDL	Swap-seq_Barcode	FALSE	NA	1	4	8	A	TTGAGCCT	ACGCACCT
Swap-seq_TDL_BioRep1_FFRep4_binA_PCRRep9	4	Swap-seq_TDL	THP-1	THP-1	Swap-seq_TDL	Swap-seq_Barcode	FALSE	NA	1	4	9	A	ACCAACTG	ACGCACCT
Swap-seq_TDL_BioRep1_FFRep4_binA_PCRRep10	4	Swap-seq_TDL	THP-1	THP-1	Swap-seq_TDL	Swap-seq_Barcode	FALSE	NA	1	4	10	A	GGTCCAGA	ACGCACCT
Swap-seq_TDL_BioRep1_FFRep4_binA_PCRRep11	4	Swap-seq_TDL	THP-1	THP-1	Swap-seq_TDL	Swap-seq_Barcode	FALSE	NA	1	4	11	A	GTATAACA	ACGCACCT
Swap-seq_TDL_BioRep1_FFRep4_binA_PCRRep12	4	Swap-seq_TDL	THP-1	THP-1	Swap-seq_TDL	Swap-seq_Barcode	FALSE	NA	1	4	12	A	TTCGCTGA	ACGCACCT
Swap-seq_TDL_BioRep1_FFRep4_binA_PCRRep13	4	Swap-seq_TDL	THP-1	THP-1	Swap-seq_TDL	Swap-seq_Barcode	FALSE	NA	1	4	13	A	AACTTGAC	ACGCACCT
Swap-seq_TDL_BioRep1_FFRep4_binA_PCRRep14	4	Swap-seq_TDL	THP-1	THP-1	Swap-seq_TDL	Swap-seq_Barcode	FALSE	NA	1	4	14	A	CACATCCT	ACGCACCT
Swap-seq_TDL_BioRep1_FFRep4_binA_PCRRep15	4	Swap-seq_TDL	THP-1	THP-1	Swap-seq_TDL	Swap-seq_Barcode	FALSE	NA	1	4	15	A	TCGGAATG	ACGCACCT
Swap-seq_TDL_BioRep1_FFRep4_binA_PCRRep16	4	Swap-seq_TDL	THP-1	THP-1	Swap-seq_TDL	Swap-seq_Barcode	FALSE	NA	1	4	16	A	AAGGATGT	ACGCACCT
Swap-seq_TDL_BioRep1_FFRep4_binB_PCRRep1	4	Swap-seq_TDL	THP-1	THP-1	Swap-seq_TDL	Swap-seq_Barcode	FALSE	NA	1	4	1	B	GCACACGA	ACGCACCT
Swap-seq_TDL_BioRep1_FFRep4_binB_PCRRep2	4	Swap-seq_TDL	THP-1	THP-1	Swap-seq_TDL	Swap-seq_Barcode	FALSE	NA	1	4	2	B	TCTGGCGA	ACGCACCT
Swap-seq_TDL_BioRep1_FFRep4_binB_PCRRep3	4	Swap-seq_TDL	THP-1	THP-1	Swap-seq_TDL	Swap-seq_Barcode	FALSE	NA	1	4	3	B	CATAGCGA	ACGCACCT
Swap-seq_TDL_BioRep1_FFRep4_binB_PCRRep4	4	Swap-seq_TDL	THP-1	THP-1	Swap-seq_TDL	Swap-seq_Barcode	FALSE	NA	1	4	4	B	CAGGAGCC	ACGCACCT
Swap-seq_TDL_BioRep1_FFRep4_binB_PCRRep5	4	Swap-seq_TDL	THP-1	THP-1	Swap-seq_TDL	Swap-seq_Barcode	FALSE	NA	1	4	5	B	TGTCGGAT	ACGCACCT
Swap-seq_TDL_BioRep1_FFRep4_binB_PCRRep6	4	Swap-seq_TDL	THP-1	THP-1	Swap-seq_TDL	Swap-seq_Barcode	FALSE	NA	1	4	6	B	ATTATGTT	ACGCACCT
Swap-seq_TDL_BioRep1_FFRep4_binB_PCRRep7	4	Swap-seq_TDL	THP-1	THP-1	Swap-seq_TDL	Swap-seq_Barcode	FALSE	NA	1	4	7	B	CCTACCAT	ACGCACCT
Swap-seq_TDL_BioRep1_FFRep4_binB_PCRRep8	4	Swap-seq_TDL	THP-1	THP-1	Swap-seq_TDL	Swap-seq_Barcode	FALSE	NA	1	4	8	B	TACTTAGC	ACGCACCT
Swap-seq_TDL_BioRep1_FFRep4_binB_PCRRep9	4	Swap-seq_TDL	THP-1	THP-1	Swap-seq_TDL	Swap-seq_Barcode	FALSE	NA	1	4	9	B	GAAGAAGT	ACGCACCT
Swap-seq_TDL_BioRep1_FFRep4_binB_PCRRep10	4	Swap-seq_TDL	THP-1	THP-1	Swap-seq_TDL	Swap-seq_Barcode	FALSE	NA	1	4	10	B	AGGATCTA	ACGCACCT
Swap-seq_TDL_BioRep1_FFRep4_binB_PCRRep11	4	Swap-seq_TDL	THP-1	THP-1	Swap-seq_TDL	Swap-seq_Barcode	FALSE	NA	1	4	11	B	GACAGTAA	ACGCACCT
Swap-seq_TDL_BioRep1_FFRep4_binB_PCRRep12	4	Swap-seq_TDL	THP-1	THP-1	Swap-seq_TDL	Swap-seq_Barcode	FALSE	NA	1	4	12	B	CCTATGCC	ACGCACCT
Swap-seq_TDL_BioRep1_FFRep4_binB_PCRRep13	4	Swap-seq_TDL	THP-1	THP-1	Swap-seq_TDL	Swap-seq_Barcode	FALSE	NA	1	4	13	B	TCGCCTTG	ACGCACCT
Swap-seq_TDL_BioRep1_FFRep4_binB_PCRRep14	4	Swap-seq_TDL	THP-1	THP-1	Swap-seq_TDL	Swap-seq_Barcode	FALSE	NA	1	4	14	B	ATAGCGTC	ACGCACCT
Swap-seq_TDL_BioRep1_FFRep4_binB_PCRRep15	4	Swap-seq_TDL	THP-1	THP-1	Swap-seq_TDL	Swap-seq_Barcode	FALSE	NA	1	4	15	B	GTCGCCTT	ACGCACCT
Swap-seq_TDL_BioRep1_FFRep4_binB_PCRRep16	4	Swap-seq_TDL	THP-1	THP-1	Swap-seq_TDL	Swap-seq_Barcode	FALSE	NA	1	4	16	B	ATTCTAGG	ACGCACCT
Swap-seq_TDL_BioRep1_FFRep4_binC_PCRRep1	4	Swap-seq_TDL	THP-1	THP-1	Swap-seq_TDL	Swap-seq_Barcode	FALSE	NA	1	4	1	C	CGTTACCA	ACGCACCT
Swap-seq_TDL_BioRep1_FFRep4_binC_PCRRep2	4	Swap-seq_TDL	THP-1	THP-1	Swap-seq_TDL	Swap-seq_Barcode	FALSE	NA	1	4	2	C	GTCTGATG	ACGCACCT
Swap-seq_TDL_BioRep1_FFRep4_binC_PCRRep3	4	Swap-seq_TDL	THP-1	THP-1	Swap-seq_TDL	Swap-seq_Barcode	FALSE	NA	1	4	3	C	TTACGCAC	ACGCACCT
Swap-seq_TDL_BioRep1_FFRep4_binC_PCRRep4	4	Swap-seq_TDL	THP-1	THP-1	Swap-seq_TDL	Swap-seq_Barcode	FALSE	NA	1	4	4	C	TTGAATAG	ACGCACCT
Swap-seq_TDL_BioRep1_FFRep4_binC_PCRRep5	4	Swap-seq_TDL	THP-1	THP-1	Swap-seq_TDL	Swap-seq_Barcode	FALSE	NA	1	4	5	C	AAGACACT	ACGCACCT
Swap-seq_TDL_BioRep1_FFRep4_binC_PCRRep6	4	Swap-seq_TDL	THP-1	THP-1	Swap-seq_TDL	Swap-seq_Barcode	FALSE	NA	1	4	6	C	CAGCAAGG	ACGCACCT
Swap-seq_TDL_BioRep1_FFRep4_binC_PCRRep7	4	Swap-seq_TDL	THP-1	THP-1	Swap-seq_TDL	Swap-seq_Barcode	FALSE	NA	1	4	7	C	TCCAGCAA	ACGCACCT
Swap-seq_TDL_BioRep1_FFRep4_binC_PCRRep8	4	Swap-seq_TDL	THP-1	THP-1	Swap-seq_TDL	Swap-seq_Barcode	FALSE	NA	1	4	8	C	CCAGAGCT	ACGCACCT
Swap-seq_TDL_BioRep1_FFRep4_binC_PCRRep9	4	Swap-seq_TDL	THP-1	THP-1	Swap-seq_TDL	Swap-seq_Barcode	FALSE	NA	1	4	9	C	TCCTTGGT	ACGCACCT
Swap-seq_TDL_BioRep1_FFRep4_binC_PCRRep10	4	Swap-seq_TDL	THP-1	THP-1	Swap-seq_TDL	Swap-seq_Barcode	FALSE	NA	1	4	10	C	AGGTTATC	ACGCACCT
Swap-seq_TDL_BioRep1_FFRep4_binC_PCRRep11	4	Swap-seq_TDL	THP-1	THP-1	Swap-seq_TDL	Swap-seq_Barcode	FALSE	NA	1	4	11	C	GTCATCTA	ACGCACCT
Swap-seq_TDL_BioRep1_FFRep4_binC_PCRRep12	4	Swap-seq_TDL	THP-1	THP-1	Swap-seq_TDL	Swap-seq_Barcode	FALSE	NA	1	4	12	C	CCTTCGCA	ACGCACCT
Swap-seq_TDL_BioRep1_FFRep4_binC_PCRRep13	4	Swap-seq_TDL	THP-1	THP-1	Swap-seq_TDL	Swap-seq_Barcode	FALSE	NA	1	4	13	C	TCTCGGTC	ACGCACCT
Swap-seq_TDL_BioRep1_FFRep4_binC_PCRRep14	4	Swap-seq_TDL	THP-1	THP-1	Swap-seq_TDL	Swap-seq_Barcode	FALSE	NA	1	4	14	C	ATTGTCTG	ACGCACCT
Swap-seq_TDL_BioRep1_FFRep4_binC_PCRRep15	4	Swap-seq_TDL	THP-1	THP-1	Swap-seq_TDL	Swap-seq_Barcode	FALSE	NA	1	4	15	C	GAACCTAG	ACGCACCT
Swap-seq_TDL_BioRep1_FFRep4_binC_PCRRep16	4	Swap-seq_TDL	THP-1	THP-1	Swap-seq_TDL	Swap-seq_Barcode	FALSE	NA	1	4	16	C	TAATGAAC	ACGCACCT
Swap-seq_TDL_BioRep1_FFRep4_binD_PCRRep1	4	Swap-seq_TDL	THP-1	THP-1	Swap-seq_TDL	Swap-seq_Barcode	FALSE	NA	1	4	1	D	CTACCAGG	GTATGTTC
Swap-seq_TDL_BioRep1_FFRep4_binD_PCRRep2	4	Swap-seq_TDL	THP-1	THP-1	Swap-seq_TDL	Swap-seq_Barcode	FALSE	NA	1	4	2	D	CATGCTTA	GTATGTTC
Swap-seq_TDL_BioRep1_FFRep4_binD_PCRRep3	4	Swap-seq_TDL	THP-1	THP-1	Swap-seq_TDL	Swap-seq_Barcode	FALSE	NA	1	4	3	D	GCACATCT	GTATGTTC
Swap-seq_TDL_BioRep1_FFRep4_binD_PCRRep4	4	Swap-seq_TDL	THP-1	THP-1	Swap-seq_TDL	Swap-seq_Barcode	FALSE	NA	1	4	4	D	TGCTCGAC	GTATGTTC
Swap-seq_TDL_BioRep1_FFRep4_binD_PCRRep5	4	Swap-seq_TDL	THP-1	THP-1	Swap-seq_TDL	Swap-seq_Barcode	FALSE	NA	1	4	5	D	AGCAATTC	GTATGTTC
Swap-seq_TDL_BioRep1_FFRep4_binD_PCRRep6	4	Swap-seq_TDL	THP-1	THP-1	Swap-seq_TDL	Swap-seq_Barcode	FALSE	NA	1	4	6	D	AGTTGCTT	GTATGTTC
Swap-seq_TDL_BioRep1_FFRep4_binD_PCRRep7	4	Swap-seq_TDL	THP-1	THP-1	Swap-seq_TDL	Swap-seq_Barcode	FALSE	NA	1	4	7	D	CCAGTTAG	GTATGTTC
Swap-seq_TDL_BioRep1_FFRep4_binD_PCRRep8	4	Swap-seq_TDL	THP-1	THP-1	Swap-seq_TDL	Swap-seq_Barcode	FALSE	NA	1	4	8	D	TTGAGCCT	GTATGTTC
Swap-seq_TDL_BioRep1_FFRep4_binD_PCRRep9	4	Swap-seq_TDL	THP-1	THP-1	Swap-seq_TDL	Swap-seq_Barcode	FALSE	NA	1	4	9	D	ACCAACTG	GTATGTTC
Swap-seq_TDL_BioRep1_FFRep4_binD_PCRRep10	4	Swap-seq_TDL	THP-1	THP-1	Swap-seq_TDL	Swap-seq_Barcode	FALSE	NA	1	4	10	D	GGTCCAGA	GTATGTTC
Swap-seq_TDL_BioRep1_FFRep4_binD_PCRRep11	4	Swap-seq_TDL	THP-1	THP-1	Swap-seq_TDL	Swap-seq_Barcode	FALSE	NA	1	4	11	D	GTATAACA	GTATGTTC
Swap-seq_TDL_BioRep1_FFRep4_binD_PCRRep12	4	Swap-seq_TDL	THP-1	THP-1	Swap-seq_TDL	Swap-seq_Barcode	FALSE	NA	1	4	12	D	TTCGCTGA	GTATGTTC
Swap-seq_TDL_BioRep1_FFRep4_binD_PCRRep13	4	Swap-seq_TDL	THP-1	THP-1	Swap-seq_TDL	Swap-seq_Barcode	FALSE	NA	1	4	13	D	AACTTGAC	GTATGTTC
Swap-seq_TDL_BioRep1_FFRep4_binD_PCRRep14	4	Swap-seq_TDL	THP-1	THP-1	Swap-seq_TDL	Swap-seq_Barcode	FALSE	NA	1	4	14	D	CACATCCT	GTATGTTC
Swap-seq_TDL_BioRep1_FFRep4_binD_PCRRep15	4	Swap-seq_TDL	THP-1	THP-1	Swap-seq_TDL	Swap-seq_Barcode	FALSE	NA	1	4	15	D	TCGGAATG	GTATGTTC
Swap-seq_TDL_BioRep1_FFRep4_binD_PCRRep16	4	Swap-seq_TDL	THP-1	THP-1	Swap-seq_TDL	Swap-seq_Barcode	FALSE	NA	1	4	16	D	AAGGATGT	GTATGTTC
Swap-seq_TDL_All_Input_BioRep1_FFRep4_PCRRep1	4	Swap-seq_TDL	THP-1	THP-1	Swap-seq_TDL	Swap-seq_Barcode	FALSE	NA	1	4	1	All	TTGAATAG	CTCACCAA
Swap-seq_TDL_All_Input_BioRep1_FFRep4_PCRRep2	4	Swap-seq_TDL	THP-1	THP-1	Swap-seq_TDL	Swap-seq_Barcode	FALSE	NA	1	4	2	All	CCTTCGCA	CTCACCAA
Swap-seq_TDL_BioRep1_FFRep5_binA_PCRRep1	5	Swap-seq_TDL	THP-1	THP-1	Swap-seq_TDL	Swap-seq_Barcode	FALSE	NA	1	5	1	A	GCACACGA	GTATGTTC
Swap-seq_TDL_BioRep1_FFRep5_binA_PCRRep2	5	Swap-seq_TDL	THP-1	THP-1	Swap-seq_TDL	Swap-seq_Barcode	FALSE	NA	1	5	2	A	TCTGGCGA	GTATGTTC
Swap-seq_TDL_BioRep1_FFRep5_binA_PCRRep3	5	Swap-seq_TDL	THP-1	THP-1	Swap-seq_TDL	Swap-seq_Barcode	FALSE	NA	1	5	3	A	CATAGCGA	GTATGTTC
Swap-seq_TDL_BioRep1_FFRep5_binA_PCRRep4	5	Swap-seq_TDL	THP-1	THP-1	Swap-seq_TDL	Swap-seq_Barcode	FALSE	NA	1	5	4	A	CAGGAGCC	GTATGTTC
Swap-seq_TDL_BioRep1_FFRep5_binA_PCRRep5	5	Swap-seq_TDL	THP-1	THP-1	Swap-seq_TDL	Swap-seq_Barcode	FALSE	NA	1	5	5	A	TGTCGGAT	GTATGTTC
Swap-seq_TDL_BioRep1_FFRep5_binA_PCRRep6	5	Swap-seq_TDL	THP-1	THP-1	Swap-seq_TDL	Swap-seq_Barcode	FALSE	NA	1	5	6	A	ATTATGTT	GTATGTTC
Swap-seq_TDL_BioRep1_FFRep5_binA_PCRRep7	5	Swap-seq_TDL	THP-1	THP-1	Swap-seq_TDL	Swap-seq_Barcode	FALSE	NA	1	5	7	A	CCTACCAT	GTATGTTC
Swap-seq_TDL_BioRep1_FFRep5_binA_PCRRep8	5	Swap-seq_TDL	THP-1	THP-1	Swap-seq_TDL	Swap-seq_Barcode	FALSE	NA	1	5	8	A	TACTTAGC	GTATGTTC
Swap-seq_TDL_BioRep1_FFRep5_binA_PCRRep9	5	Swap-seq_TDL	THP-1	THP-1	Swap-seq_TDL	Swap-seq_Barcode	FALSE	NA	1	5	9	A	GAAGAAGT	GTATGTTC
Swap-seq_TDL_BioRep1_FFRep5_binA_PCRRep10	5	Swap-seq_TDL	THP-1	THP-1	Swap-seq_TDL	Swap-seq_Barcode	FALSE	NA	1	5	10	A	AGGATCTA	GTATGTTC
Swap-seq_TDL_BioRep1_FFRep5_binA_PCRRep11	5	Swap-seq_TDL	THP-1	THP-1	Swap-seq_TDL	Swap-seq_Barcode	FALSE	NA	1	5	11	A	GACAGTAA	GTATGTTC
Swap-seq_TDL_BioRep1_FFRep5_binA_PCRRep12	5	Swap-seq_TDL	THP-1	THP-1	Swap-seq_TDL	Swap-seq_Barcode	FALSE	NA	1	5	12	A	CCTATGCC	GTATGTTC
Swap-seq_TDL_BioRep1_FFRep5_binA_PCRRep13	5	Swap-seq_TDL	THP-1	THP-1	Swap-seq_TDL	Swap-seq_Barcode	FALSE	NA	1	5	13	A	TCGCCTTG	GTATGTTC
Swap-seq_TDL_BioRep1_FFRep5_binA_PCRRep14	5	Swap-seq_TDL	THP-1	THP-1	Swap-seq_TDL	Swap-seq_Barcode	FALSE	NA	1	5	14	A	ATAGCGTC	GTATGTTC
Swap-seq_TDL_BioRep1_FFRep5_binA_PCRRep15	5	Swap-seq_TDL	THP-1	THP-1	Swap-seq_TDL	Swap-seq_Barcode	FALSE	NA	1	5	15	A	GTCGCCTT	GTATGTTC
Swap-seq_TDL_BioRep1_FFRep5_binA_PCRRep16	5	Swap-seq_TDL	THP-1	THP-1	Swap-seq_TDL	Swap-seq_Barcode	FALSE	NA	1	5	16	A	ATTCTAGG	GTATGTTC
Swap-seq_TDL_BioRep1_FFRep5_binB_PCRRep1	5	Swap-seq_TDL	THP-1	THP-1	Swap-seq_TDL	Swap-seq_Barcode	FALSE	NA	1	5	1	B	CGTTACCA	GTATGTTC
Swap-seq_TDL_BioRep1_FFRep5_binB_PCRRep2	5	Swap-seq_TDL	THP-1	THP-1	Swap-seq_TDL	Swap-seq_Barcode	FALSE	NA	1	5	2	B	GTCTGATG	GTATGTTC
Swap-seq_TDL_BioRep1_FFRep5_binB_PCRRep3	5	Swap-seq_TDL	THP-1	THP-1	Swap-seq_TDL	Swap-seq_Barcode	FALSE	NA	1	5	3	B	TTACGCAC	GTATGTTC
Swap-seq_TDL_BioRep1_FFRep5_binB_PCRRep4	5	Swap-seq_TDL	THP-1	THP-1	Swap-seq_TDL	Swap-seq_Barcode	FALSE	NA	1	5	4	B	TTGAATAG	GTATGTTC
Swap-seq_TDL_BioRep1_FFRep5_binB_PCRRep5	5	Swap-seq_TDL	THP-1	THP-1	Swap-seq_TDL	Swap-seq_Barcode	FALSE	NA	1	5	5	B	AAGACACT	GTATGTTC
Swap-seq_TDL_BioRep1_FFRep5_binB_PCRRep6	5	Swap-seq_TDL	THP-1	THP-1	Swap-seq_TDL	Swap-seq_Barcode	FALSE	NA	1	5	6	B	CAGCAAGG	GTATGTTC
Swap-seq_TDL_BioRep1_FFRep5_binB_PCRRep7	5	Swap-seq_TDL	THP-1	THP-1	Swap-seq_TDL	Swap-seq_Barcode	FALSE	NA	1	5	7	B	TCCAGCAA	GTATGTTC
Swap-seq_TDL_BioRep1_FFRep5_binB_PCRRep8	5	Swap-seq_TDL	THP-1	THP-1	Swap-seq_TDL	Swap-seq_Barcode	FALSE	NA	1	5	8	B	CCAGAGCT	GTATGTTC
Swap-seq_TDL_BioRep1_FFRep5_binB_PCRRep9	5	Swap-seq_TDL	THP-1	THP-1	Swap-seq_TDL	Swap-seq_Barcode	FALSE	NA	1	5	9	B	TCCTTGGT	GTATGTTC
Swap-seq_TDL_BioRep1_FFRep5_binB_PCRRep10	5	Swap-seq_TDL	THP-1	THP-1	Swap-seq_TDL	Swap-seq_Barcode	FALSE	NA	1	5	10	B	AGGTTATC	GTATGTTC
Swap-seq_TDL_BioRep1_FFRep5_binB_PCRRep11	5	Swap-seq_TDL	THP-1	THP-1	Swap-seq_TDL	Swap-seq_Barcode	FALSE	NA	1	5	11	B	GTCATCTA	GTATGTTC
Swap-seq_TDL_BioRep1_FFRep5_binB_PCRRep12	5	Swap-seq_TDL	THP-1	THP-1	Swap-seq_TDL	Swap-seq_Barcode	FALSE	NA	1	5	12	B	CCTTCGCA	GTATGTTC
Swap-seq_TDL_BioRep1_FFRep5_binB_PCRRep13	5	Swap-seq_TDL	THP-1	THP-1	Swap-seq_TDL	Swap-seq_Barcode	FALSE	NA	1	5	13	B	TCTCGGTC	GTATGTTC
Swap-seq_TDL_BioRep1_FFRep5_binB_PCRRep14	5	Swap-seq_TDL	THP-1	THP-1	Swap-seq_TDL	Swap-seq_Barcode	FALSE	NA	1	5	14	B	ATTGTCTG	GTATGTTC
Swap-seq_TDL_BioRep1_FFRep5_binB_PCRRep15	5	Swap-seq_TDL	THP-1	THP-1	Swap-seq_TDL	Swap-seq_Barcode	FALSE	NA	1	5	15	B	GAACCTAG	GTATGTTC
Swap-seq_TDL_BioRep1_FFRep5_binB_PCRRep16	5	Swap-seq_TDL	THP-1	THP-1	Swap-seq_TDL	Swap-seq_Barcode	FALSE	NA	1	5	16	B	TAATGAAC	GTATGTTC
Swap-seq_TDL_BioRep1_FFRep5_binC_PCRRep1	5	Swap-seq_TDL	THP-1	THP-1	Swap-seq_TDL	Swap-seq_Barcode	FALSE	NA	1	5	1	C	CTACCAGG	CGCTATGT
Swap-seq_TDL_BioRep1_FFRep5_binC_PCRRep2	5	Swap-seq_TDL	THP-1	THP-1	Swap-seq_TDL	Swap-seq_Barcode	FALSE	NA	1	5	2	C	CATGCTTA	CGCTATGT
Swap-seq_TDL_BioRep1_FFRep5_binC_PCRRep3	5	Swap-seq_TDL	THP-1	THP-1	Swap-seq_TDL	Swap-seq_Barcode	FALSE	NA	1	5	3	C	GCACATCT	CGCTATGT
Swap-seq_TDL_BioRep1_FFRep5_binC_PCRRep4	5	Swap-seq_TDL	THP-1	THP-1	Swap-seq_TDL	Swap-seq_Barcode	FALSE	NA	1	5	4	C	TGCTCGAC	CGCTATGT
Swap-seq_TDL_BioRep1_FFRep5_binC_PCRRep5	5	Swap-seq_TDL	THP-1	THP-1	Swap-seq_TDL	Swap-seq_Barcode	FALSE	NA	1	5	5	C	AGCAATTC	CGCTATGT
Swap-seq_TDL_BioRep1_FFRep5_binC_PCRRep6	5	Swap-seq_TDL	THP-1	THP-1	Swap-seq_TDL	Swap-seq_Barcode	FALSE	NA	1	5	6	C	AGTTGCTT	CGCTATGT
Swap-seq_TDL_BioRep1_FFRep5_binC_PCRRep7	5	Swap-seq_TDL	THP-1	THP-1	Swap-seq_TDL	Swap-seq_Barcode	FALSE	NA	1	5	7	C	CCAGTTAG	CGCTATGT
Swap-seq_TDL_BioRep1_FFRep5_binC_PCRRep8	5	Swap-seq_TDL	THP-1	THP-1	Swap-seq_TDL	Swap-seq_Barcode	FALSE	NA	1	5	8	C	TTGAGCCT	CGCTATGT
Swap-seq_TDL_BioRep1_FFRep5_binC_PCRRep9	5	Swap-seq_TDL	THP-1	THP-1	Swap-seq_TDL	Swap-seq_Barcode	FALSE	NA	1	5	9	C	ACCAACTG	CGCTATGT
Swap-seq_TDL_BioRep1_FFRep5_binC_PCRRep10	5	Swap-seq_TDL	THP-1	THP-1	Swap-seq_TDL	Swap-seq_Barcode	FALSE	NA	1	5	10	C	GGTCCAGA	CGCTATGT
Swap-seq_TDL_BioRep1_FFRep5_binC_PCRRep11	5	Swap-seq_TDL	THP-1	THP-1	Swap-seq_TDL	Swap-seq_Barcode	FALSE	NA	1	5	11	C	GTATAACA	CGCTATGT
Swap-seq_TDL_BioRep1_FFRep5_binC_PCRRep12	5	Swap-seq_TDL	THP-1	THP-1	Swap-seq_TDL	Swap-seq_Barcode	FALSE	NA	1	5	12	C	TTCGCTGA	CGCTATGT
Swap-seq_TDL_BioRep1_FFRep5_binC_PCRRep13	5	Swap-seq_TDL	THP-1	THP-1	Swap-seq_TDL	Swap-seq_Barcode	FALSE	NA	1	5	13	C	AACTTGAC	CGCTATGT
Swap-seq_TDL_BioRep1_FFRep5_binC_PCRRep14	5	Swap-seq_TDL	THP-1	THP-1	Swap-seq_TDL	Swap-seq_Barcode	FALSE	NA	1	5	14	C	CACATCCT	CGCTATGT
Swap-seq_TDL_BioRep1_FFRep5_binC_PCRRep15	5	Swap-seq_TDL	THP-1	THP-1	Swap-seq_TDL	Swap-seq_Barcode	FALSE	NA	1	5	15	C	TCGGAATG	CGCTATGT
Swap-seq_TDL_BioRep1_FFRep5_binC_PCRRep16	5	Swap-seq_TDL	THP-1	THP-1	Swap-seq_TDL	Swap-seq_Barcode	FALSE	NA	1	5	16	C	AAGGATGT	CGCTATGT
Swap-seq_TDL_BioRep1_FFRep5_binD_PCRRep1	5	Swap-seq_TDL	THP-1	THP-1	Swap-seq_TDL	Swap-seq_Barcode	FALSE	NA	1	5	1	D	GCACACGA	CGCTATGT
Swap-seq_TDL_BioRep1_FFRep5_binD_PCRRep2	5	Swap-seq_TDL	THP-1	THP-1	Swap-seq_TDL	Swap-seq_Barcode	FALSE	NA	1	5	2	D	TCTGGCGA	CGCTATGT
Swap-seq_TDL_BioRep1_FFRep5_binD_PCRRep3	5	Swap-seq_TDL	THP-1	THP-1	Swap-seq_TDL	Swap-seq_Barcode	FALSE	NA	1	5	3	D	CATAGCGA	CGCTATGT
Swap-seq_TDL_BioRep1_FFRep5_binD_PCRRep4	5	Swap-seq_TDL	THP-1	THP-1	Swap-seq_TDL	Swap-seq_Barcode	FALSE	NA	1	5	4	D	CAGGAGCC	CGCTATGT
Swap-seq_TDL_BioRep1_FFRep5_binD_PCRRep5	5	Swap-seq_TDL	THP-1	THP-1	Swap-seq_TDL	Swap-seq_Barcode	FALSE	NA	1	5	5	D	TGTCGGAT	CGCTATGT
Swap-seq_TDL_BioRep1_FFRep5_binD_PCRRep6	5	Swap-seq_TDL	THP-1	THP-1	Swap-seq_TDL	Swap-seq_Barcode	FALSE	NA	1	5	6	D	ATTATGTT	CGCTATGT
Swap-seq_TDL_BioRep1_FFRep5_binD_PCRRep7	5	Swap-seq_TDL	THP-1	THP-1	Swap-seq_TDL	Swap-seq_Barcode	FALSE	NA	1	5	7	D	CCTACCAT	CGCTATGT
Swap-seq_TDL_BioRep1_FFRep5_binD_PCRRep8	5	Swap-seq_TDL	THP-1	THP-1	Swap-seq_TDL	Swap-seq_Barcode	FALSE	NA	1	5	8	D	TACTTAGC	CGCTATGT
Swap-seq_TDL_BioRep1_FFRep5_binD_PCRRep9	5	Swap-seq_TDL	THP-1	THP-1	Swap-seq_TDL	Swap-seq_Barcode	FALSE	NA	1	5	9	D	GAAGAAGT	CGCTATGT
Swap-seq_TDL_BioRep1_FFRep5_binD_PCRRep10	5	Swap-seq_TDL	THP-1	THP-1	Swap-seq_TDL	Swap-seq_Barcode	FALSE	NA	1	5	10	D	AGGATCTA	CGCTATGT
Swap-seq_TDL_BioRep1_FFRep5_binD_PCRRep11	5	Swap-seq_TDL	THP-1	THP-1	Swap-seq_TDL	Swap-seq_Barcode	FALSE	NA	1	5	11	D	GACAGTAA	CGCTATGT
Swap-seq_TDL_BioRep1_FFRep5_binD_PCRRep12	5	Swap-seq_TDL	THP-1	THP-1	Swap-seq_TDL	Swap-seq_Barcode	FALSE	NA	1	5	12	D	CCTATGCC	CGCTATGT
Swap-seq_TDL_BioRep1_FFRep5_binD_PCRRep13	5	Swap-seq_TDL	THP-1	THP-1	Swap-seq_TDL	Swap-seq_Barcode	FALSE	NA	1	5	13	D	TCGCCTTG	CGCTATGT
Swap-seq_TDL_BioRep1_FFRep5_binD_PCRRep14	5	Swap-seq_TDL	THP-1	THP-1	Swap-seq_TDL	Swap-seq_Barcode	FALSE	NA	1	5	14	D	ATAGCGTC	CGCTATGT
Swap-seq_TDL_BioRep1_FFRep5_binD_PCRRep15	5	Swap-seq_TDL	THP-1	THP-1	Swap-seq_TDL	Swap-seq_Barcode	FALSE	NA	1	5	15	D	GTCGCCTT	CGCTATGT
Swap-seq_TDL_BioRep1_FFRep5_binD_PCRRep16	5	Swap-seq_TDL	THP-1	THP-1	Swap-seq_TDL	Swap-seq_Barcode	FALSE	NA	1	5	16	D	ATTCTAGG	CGCTATGT
Swap-seq_TDL_All_Input_BioRep1_FFRep5_PCRRep1	5	Swap-seq_TDL	THP-1	THP-1	Swap-seq_TDL	Swap-seq_Barcode	FALSE	NA	1	5	1	All	AAGACACT	CTCACCAA
Swap-seq_TDL_All_Input_BioRep1_FFRep5_PCRRep2	5	Swap-seq_TDL	THP-1	THP-1	Swap-seq_TDL	Swap-seq_Barcode	FALSE	NA	1	5	2	All	TCTCGGTC	CTCACCAA
Swap-seq_TDL_BioRep1_FFRep6_binA_PCRRep1	6	Swap-seq_TDL	THP-1	THP-1	Swap-seq_TDL	Swap-seq_Barcode	FALSE	NA	1	6	1	A	CGTTACCA	CGCTATGT
Swap-seq_TDL_BioRep1_FFRep6_binA_PCRRep2	6	Swap-seq_TDL	THP-1	THP-1	Swap-seq_TDL	Swap-seq_Barcode	FALSE	NA	1	6	2	A	GTCTGATG	CGCTATGT
Swap-seq_TDL_BioRep1_FFRep6_binA_PCRRep3	6	Swap-seq_TDL	THP-1	THP-1	Swap-seq_TDL	Swap-seq_Barcode	FALSE	NA	1	6	3	A	TTACGCAC	CGCTATGT
Swap-seq_TDL_BioRep1_FFRep6_binA_PCRRep4	6	Swap-seq_TDL	THP-1	THP-1	Swap-seq_TDL	Swap-seq_Barcode	FALSE	NA	1	6	4	A	TTGAATAG	CGCTATGT
Swap-seq_TDL_BioRep1_FFRep6_binA_PCRRep5	6	Swap-seq_TDL	THP-1	THP-1	Swap-seq_TDL	Swap-seq_Barcode	FALSE	NA	1	6	5	A	AAGACACT	CGCTATGT
Swap-seq_TDL_BioRep1_FFRep6_binA_PCRRep6	6	Swap-seq_TDL	THP-1	THP-1	Swap-seq_TDL	Swap-seq_Barcode	FALSE	NA	1	6	6	A	CAGCAAGG	CGCTATGT
Swap-seq_TDL_BioRep1_FFRep6_binA_PCRRep7	6	Swap-seq_TDL	THP-1	THP-1	Swap-seq_TDL	Swap-seq_Barcode	FALSE	NA	1	6	7	A	TCCAGCAA	CGCTATGT
Swap-seq_TDL_BioRep1_FFRep6_binA_PCRRep8	6	Swap-seq_TDL	THP-1	THP-1	Swap-seq_TDL	Swap-seq_Barcode	FALSE	NA	1	6	8	A	CCAGAGCT	CGCTATGT
Swap-seq_TDL_BioRep1_FFRep6_binA_PCRRep9	6	Swap-seq_TDL	THP-1	THP-1	Swap-seq_TDL	Swap-seq_Barcode	FALSE	NA	1	6	9	A	TCCTTGGT	CGCTATGT
Swap-seq_TDL_BioRep1_FFRep6_binA_PCRRep10	6	Swap-seq_TDL	THP-1	THP-1	Swap-seq_TDL	Swap-seq_Barcode	FALSE	NA	1	6	10	A	AGGTTATC	CGCTATGT
Swap-seq_TDL_BioRep1_FFRep6_binA_PCRRep11	6	Swap-seq_TDL	THP-1	THP-1	Swap-seq_TDL	Swap-seq_Barcode	FALSE	NA	1	6	11	A	GTCATCTA	CGCTATGT
Swap-seq_TDL_BioRep1_FFRep6_binA_PCRRep12	6	Swap-seq_TDL	THP-1	THP-1	Swap-seq_TDL	Swap-seq_Barcode	FALSE	NA	1	6	12	A	CCTTCGCA	CGCTATGT
Swap-seq_TDL_BioRep1_FFRep6_binA_PCRRep13	6	Swap-seq_TDL	THP-1	THP-1	Swap-seq_TDL	Swap-seq_Barcode	FALSE	NA	1	6	13	A	TCTCGGTC	CGCTATGT
Swap-seq_TDL_BioRep1_FFRep6_binA_PCRRep14	6	Swap-seq_TDL	THP-1	THP-1	Swap-seq_TDL	Swap-seq_Barcode	FALSE	NA	1	6	14	A	ATTGTCTG	CGCTATGT
Swap-seq_TDL_BioRep1_FFRep6_binA_PCRRep15	6	Swap-seq_TDL	THP-1	THP-1	Swap-seq_TDL	Swap-seq_Barcode	FALSE	NA	1	6	15	A	GAACCTAG	CGCTATGT
Swap-seq_TDL_BioRep1_FFRep6_binA_PCRRep16	6	Swap-seq_TDL	THP-1	THP-1	Swap-seq_TDL	Swap-seq_Barcode	FALSE	NA	1	6	16	A	TAATGAAC	CGCTATGT
Swap-seq_TDL_BioRep1_FFRep6_binB_PCRRep1	6	Swap-seq_TDL	THP-1	THP-1	Swap-seq_TDL	Swap-seq_Barcode	FALSE	NA	1	6	1	B	CTACCAGG	TATCGCAC
Swap-seq_TDL_BioRep1_FFRep6_binB_PCRRep2	6	Swap-seq_TDL	THP-1	THP-1	Swap-seq_TDL	Swap-seq_Barcode	FALSE	NA	1	6	2	B	CATGCTTA	TATCGCAC
Swap-seq_TDL_BioRep1_FFRep6_binB_PCRRep3	6	Swap-seq_TDL	THP-1	THP-1	Swap-seq_TDL	Swap-seq_Barcode	FALSE	NA	1	6	3	B	GCACATCT	TATCGCAC
Swap-seq_TDL_BioRep1_FFRep6_binB_PCRRep4	6	Swap-seq_TDL	THP-1	THP-1	Swap-seq_TDL	Swap-seq_Barcode	FALSE	NA	1	6	4	B	TGCTCGAC	TATCGCAC
Swap-seq_TDL_BioRep1_FFRep6_binB_PCRRep5	6	Swap-seq_TDL	THP-1	THP-1	Swap-seq_TDL	Swap-seq_Barcode	FALSE	NA	1	6	5	B	AGCAATTC	TATCGCAC
Swap-seq_TDL_BioRep1_FFRep6_binB_PCRRep6	6	Swap-seq_TDL	THP-1	THP-1	Swap-seq_TDL	Swap-seq_Barcode	FALSE	NA	1	6	6	B	AGTTGCTT	TATCGCAC
Swap-seq_TDL_BioRep1_FFRep6_binB_PCRRep7	6	Swap-seq_TDL	THP-1	THP-1	Swap-seq_TDL	Swap-seq_Barcode	FALSE	NA	1	6	7	B	CCAGTTAG	TATCGCAC
Swap-seq_TDL_BioRep1_FFRep6_binB_PCRRep8	6	Swap-seq_TDL	THP-1	THP-1	Swap-seq_TDL	Swap-seq_Barcode	FALSE	NA	1	6	8	B	TTGAGCCT	TATCGCAC
Swap-seq_TDL_BioRep1_FFRep6_binB_PCRRep9	6	Swap-seq_TDL	THP-1	THP-1	Swap-seq_TDL	Swap-seq_Barcode	FALSE	NA	1	6	9	B	ACCAACTG	TATCGCAC
Swap-seq_TDL_BioRep1_FFRep6_binB_PCRRep10	6	Swap-seq_TDL	THP-1	THP-1	Swap-seq_TDL	Swap-seq_Barcode	FALSE	NA	1	6	10	B	GGTCCAGA	TATCGCAC
Swap-seq_TDL_BioRep1_FFRep6_binB_PCRRep11	6	Swap-seq_TDL	THP-1	THP-1	Swap-seq_TDL	Swap-seq_Barcode	FALSE	NA	1	6	11	B	GTATAACA	TATCGCAC
Swap-seq_TDL_BioRep1_FFRep6_binB_PCRRep12	6	Swap-seq_TDL	THP-1	THP-1	Swap-seq_TDL	Swap-seq_Barcode	FALSE	NA	1	6	12	B	TTCGCTGA	TATCGCAC
Swap-seq_TDL_BioRep1_FFRep6_binB_PCRRep13	6	Swap-seq_TDL	THP-1	THP-1	Swap-seq_TDL	Swap-seq_Barcode	FALSE	NA	1	6	13	B	AACTTGAC	TATCGCAC
Swap-seq_TDL_BioRep1_FFRep6_binB_PCRRep14	6	Swap-seq_TDL	THP-1	THP-1	Swap-seq_TDL	Swap-seq_Barcode	FALSE	NA	1	6	14	B	CACATCCT	TATCGCAC
Swap-seq_TDL_BioRep1_FFRep6_binB_PCRRep15	6	Swap-seq_TDL	THP-1	THP-1	Swap-seq_TDL	Swap-seq_Barcode	FALSE	NA	1	6	15	B	TCGGAATG	TATCGCAC
Swap-seq_TDL_BioRep1_FFRep6_binB_PCRRep16	6	Swap-seq_TDL	THP-1	THP-1	Swap-seq_TDL	Swap-seq_Barcode	FALSE	NA	1	6	16	B	AAGGATGT	TATCGCAC
Swap-seq_TDL_BioRep1_FFRep6_binC_PCRRep1	6	Swap-seq_TDL	THP-1	THP-1	Swap-seq_TDL	Swap-seq_Barcode	FALSE	NA	1	6	1	C	GCACACGA	TATCGCAC
Swap-seq_TDL_BioRep1_FFRep6_binC_PCRRep2	6	Swap-seq_TDL	THP-1	THP-1	Swap-seq_TDL	Swap-seq_Barcode	FALSE	NA	1	6	2	C	TCTGGCGA	TATCGCAC
Swap-seq_TDL_BioRep1_FFRep6_binC_PCRRep3	6	Swap-seq_TDL	THP-1	THP-1	Swap-seq_TDL	Swap-seq_Barcode	FALSE	NA	1	6	3	C	CATAGCGA	TATCGCAC
Swap-seq_TDL_BioRep1_FFRep6_binC_PCRRep4	6	Swap-seq_TDL	THP-1	THP-1	Swap-seq_TDL	Swap-seq_Barcode	FALSE	NA	1	6	4	C	CAGGAGCC	TATCGCAC
Swap-seq_TDL_BioRep1_FFRep6_binC_PCRRep5	6	Swap-seq_TDL	THP-1	THP-1	Swap-seq_TDL	Swap-seq_Barcode	FALSE	NA	1	6	5	C	TGTCGGAT	TATCGCAC
Swap-seq_TDL_BioRep1_FFRep6_binC_PCRRep6	6	Swap-seq_TDL	THP-1	THP-1	Swap-seq_TDL	Swap-seq_Barcode	FALSE	NA	1	6	6	C	ATTATGTT	TATCGCAC
Swap-seq_TDL_BioRep1_FFRep6_binC_PCRRep7	6	Swap-seq_TDL	THP-1	THP-1	Swap-seq_TDL	Swap-seq_Barcode	FALSE	NA	1	6	7	C	CCTACCAT	TATCGCAC
Swap-seq_TDL_BioRep1_FFRep6_binC_PCRRep8	6	Swap-seq_TDL	THP-1	THP-1	Swap-seq_TDL	Swap-seq_Barcode	FALSE	NA	1	6	8	C	TACTTAGC	TATCGCAC
Swap-seq_TDL_BioRep1_FFRep6_binC_PCRRep9	6	Swap-seq_TDL	THP-1	THP-1	Swap-seq_TDL	Swap-seq_Barcode	FALSE	NA	1	6	9	C	GAAGAAGT	TATCGCAC
Swap-seq_TDL_BioRep1_FFRep6_binC_PCRRep10	6	Swap-seq_TDL	THP-1	THP-1	Swap-seq_TDL	Swap-seq_Barcode	FALSE	NA	1	6	10	C	AGGATCTA	TATCGCAC
Swap-seq_TDL_BioRep1_FFRep6_binC_PCRRep11	6	Swap-seq_TDL	THP-1	THP-1	Swap-seq_TDL	Swap-seq_Barcode	FALSE	NA	1	6	11	C	GACAGTAA	TATCGCAC
Swap-seq_TDL_BioRep1_FFRep6_binC_PCRRep12	6	Swap-seq_TDL	THP-1	THP-1	Swap-seq_TDL	Swap-seq_Barcode	FALSE	NA	1	6	12	C	CCTATGCC	TATCGCAC
Swap-seq_TDL_BioRep1_FFRep6_binC_PCRRep13	6	Swap-seq_TDL	THP-1	THP-1	Swap-seq_TDL	Swap-seq_Barcode	FALSE	NA	1	6	13	C	TCGCCTTG	TATCGCAC
Swap-seq_TDL_BioRep1_FFRep6_binC_PCRRep14	6	Swap-seq_TDL	THP-1	THP-1	Swap-seq_TDL	Swap-seq_Barcode	FALSE	NA	1	6	14	C	ATAGCGTC	TATCGCAC
Swap-seq_TDL_BioRep1_FFRep6_binC_PCRRep15	6	Swap-seq_TDL	THP-1	THP-1	Swap-seq_TDL	Swap-seq_Barcode	FALSE	NA	1	6	15	C	GTCGCCTT	TATCGCAC
Swap-seq_TDL_BioRep1_FFRep6_binC_PCRRep16	6	Swap-seq_TDL	THP-1	THP-1	Swap-seq_TDL	Swap-seq_Barcode	FALSE	NA	1	6	16	C	ATTCTAGG	TATCGCAC
Swap-seq_TDL_BioRep1_FFRep6_binD_PCRRep1	6	Swap-seq_TDL	THP-1	THP-1	Swap-seq_TDL	Swap-seq_Barcode	FALSE	NA	1	6	1	D	CGTTACCA	TATCGCAC
Swap-seq_TDL_BioRep1_FFRep6_binD_PCRRep2	6	Swap-seq_TDL	THP-1	THP-1	Swap-seq_TDL	Swap-seq_Barcode	FALSE	NA	1	6	2	D	GTCTGATG	TATCGCAC
Swap-seq_TDL_BioRep1_FFRep6_binD_PCRRep3	6	Swap-seq_TDL	THP-1	THP-1	Swap-seq_TDL	Swap-seq_Barcode	FALSE	NA	1	6	3	D	TTACGCAC	TATCGCAC
Swap-seq_TDL_BioRep1_FFRep6_binD_PCRRep4	6	Swap-seq_TDL	THP-1	THP-1	Swap-seq_TDL	Swap-seq_Barcode	FALSE	NA	1	6	4	D	TTGAATAG	TATCGCAC
Swap-seq_TDL_BioRep1_FFRep6_binD_PCRRep5	6	Swap-seq_TDL	THP-1	THP-1	Swap-seq_TDL	Swap-seq_Barcode	FALSE	NA	1	6	5	D	AAGACACT	TATCGCAC
Swap-seq_TDL_BioRep1_FFRep6_binD_PCRRep6	6	Swap-seq_TDL	THP-1	THP-1	Swap-seq_TDL	Swap-seq_Barcode	FALSE	NA	1	6	6	D	CAGCAAGG	TATCGCAC
Swap-seq_TDL_BioRep1_FFRep6_binD_PCRRep7	6	Swap-seq_TDL	THP-1	THP-1	Swap-seq_TDL	Swap-seq_Barcode	FALSE	NA	1	6	7	D	TCCAGCAA	TATCGCAC
Swap-seq_TDL_BioRep1_FFRep6_binD_PCRRep8	6	Swap-seq_TDL	THP-1	THP-1	Swap-seq_TDL	Swap-seq_Barcode	FALSE	NA	1	6	8	D	CCAGAGCT	TATCGCAC
Swap-seq_TDL_BioRep1_FFRep6_binD_PCRRep9	6	Swap-seq_TDL	THP-1	THP-1	Swap-seq_TDL	Swap-seq_Barcode	FALSE	NA	1	6	9	D	TCCTTGGT	TATCGCAC
Swap-seq_TDL_BioRep1_FFRep6_binD_PCRRep10	6	Swap-seq_TDL	THP-1	THP-1	Swap-seq_TDL	Swap-seq_Barcode	FALSE	NA	1	6	10	D	AGGTTATC	TATCGCAC
Swap-seq_TDL_BioRep1_FFRep6_binD_PCRRep11	6	Swap-seq_TDL	THP-1	THP-1	Swap-seq_TDL	Swap-seq_Barcode	FALSE	NA	1	6	11	D	GTCATCTA	TATCGCAC
Swap-seq_TDL_BioRep1_FFRep6_binD_PCRRep12	6	Swap-seq_TDL	THP-1	THP-1	Swap-seq_TDL	Swap-seq_Barcode	FALSE	NA	1	6	12	D	CCTTCGCA	TATCGCAC
Swap-seq_TDL_BioRep1_FFRep6_binD_PCRRep13	6	Swap-seq_TDL	THP-1	THP-1	Swap-seq_TDL	Swap-seq_Barcode	FALSE	NA	1	6	13	D	TCTCGGTC	TATCGCAC
Swap-seq_TDL_BioRep1_FFRep6_binD_PCRRep14	6	Swap-seq_TDL	THP-1	THP-1	Swap-seq_TDL	Swap-seq_Barcode	FALSE	NA	1	6	14	D	ATTGTCTG	TATCGCAC
Swap-seq_TDL_BioRep1_FFRep6_binD_PCRRep15	6	Swap-seq_TDL	THP-1	THP-1	Swap-seq_TDL	Swap-seq_Barcode	FALSE	NA	1	6	15	D	GAACCTAG	TATCGCAC
Swap-seq_TDL_BioRep1_FFRep6_binD_PCRRep16	6	Swap-seq_TDL	THP-1	THP-1	Swap-seq_TDL	Swap-seq_Barcode	FALSE	NA	1	6	16	D	TAATGAAC	TATCGCAC
Swap-seq_TDL_All_Input_BioRep1_FFRep6_PCRRep1	6	Swap-seq_TDL	THP-1	THP-1	Swap-seq_TDL	Swap-seq_Barcode	FALSE	NA	1	6	1	All	CAGCAAGG	CTCACCAA
Swap-seq_TDL_All_Input_BioRep1_FFRep6_PCRRep2	6	Swap-seq_TDL	THP-1	THP-1	Swap-seq_TDL	Swap-seq_Barcode	FALSE	NA	1	6	2	All	ATTGTCTG	CTCACCAA
Swap-seq_TDL_BioRep1_FFRep7_binA_PCRRep1	7	Swap-seq_TDL	THP-1	THP-1	Swap-seq_TDL	Swap-seq_Barcode	FALSE	NA	1	7	1	A	CTACCAGG	TCTGTTGG
Swap-seq_TDL_BioRep1_FFRep7_binA_PCRRep2	7	Swap-seq_TDL	THP-1	THP-1	Swap-seq_TDL	Swap-seq_Barcode	FALSE	NA	1	7	2	A	CATGCTTA	TCTGTTGG
Swap-seq_TDL_BioRep1_FFRep7_binA_PCRRep3	7	Swap-seq_TDL	THP-1	THP-1	Swap-seq_TDL	Swap-seq_Barcode	FALSE	NA	1	7	3	A	GCACATCT	TCTGTTGG
Swap-seq_TDL_BioRep1_FFRep7_binA_PCRRep4	7	Swap-seq_TDL	THP-1	THP-1	Swap-seq_TDL	Swap-seq_Barcode	FALSE	NA	1	7	4	A	TGCTCGAC	TCTGTTGG
Swap-seq_TDL_BioRep1_FFRep7_binA_PCRRep5	7	Swap-seq_TDL	THP-1	THP-1	Swap-seq_TDL	Swap-seq_Barcode	FALSE	NA	1	7	5	A	AGCAATTC	TCTGTTGG
Swap-seq_TDL_BioRep1_FFRep7_binA_PCRRep6	7	Swap-seq_TDL	THP-1	THP-1	Swap-seq_TDL	Swap-seq_Barcode	FALSE	NA	1	7	6	A	AGTTGCTT	TCTGTTGG
Swap-seq_TDL_BioRep1_FFRep7_binA_PCRRep7	7	Swap-seq_TDL	THP-1	THP-1	Swap-seq_TDL	Swap-seq_Barcode	FALSE	NA	1	7	7	A	CCAGTTAG	TCTGTTGG
Swap-seq_TDL_BioRep1_FFRep7_binA_PCRRep8	7	Swap-seq_TDL	THP-1	THP-1	Swap-seq_TDL	Swap-seq_Barcode	FALSE	NA	1	7	8	A	TTGAGCCT	TCTGTTGG
Swap-seq_TDL_BioRep1_FFRep7_binA_PCRRep9	7	Swap-seq_TDL	THP-1	THP-1	Swap-seq_TDL	Swap-seq_Barcode	FALSE	NA	1	7	9	A	ACCAACTG	TCTGTTGG
Swap-seq_TDL_BioRep1_FFRep7_binA_PCRRep10	7	Swap-seq_TDL	THP-1	THP-1	Swap-seq_TDL	Swap-seq_Barcode	FALSE	NA	1	7	10	A	GGTCCAGA	TCTGTTGG
Swap-seq_TDL_BioRep1_FFRep7_binA_PCRRep11	7	Swap-seq_TDL	THP-1	THP-1	Swap-seq_TDL	Swap-seq_Barcode	FALSE	NA	1	7	11	A	GTATAACA	TCTGTTGG
Swap-seq_TDL_BioRep1_FFRep7_binA_PCRRep12	7	Swap-seq_TDL	THP-1	THP-1	Swap-seq_TDL	Swap-seq_Barcode	FALSE	NA	1	7	12	A	TTCGCTGA	TCTGTTGG
Swap-seq_TDL_BioRep1_FFRep7_binA_PCRRep13	7	Swap-seq_TDL	THP-1	THP-1	Swap-seq_TDL	Swap-seq_Barcode	FALSE	NA	1	7	13	A	AACTTGAC	TCTGTTGG
Swap-seq_TDL_BioRep1_FFRep7_binA_PCRRep14	7	Swap-seq_TDL	THP-1	THP-1	Swap-seq_TDL	Swap-seq_Barcode	FALSE	NA	1	7	14	A	CACATCCT	TCTGTTGG
Swap-seq_TDL_BioRep1_FFRep7_binA_PCRRep15	7	Swap-seq_TDL	THP-1	THP-1	Swap-seq_TDL	Swap-seq_Barcode	FALSE	NA	1	7	15	A	TCGGAATG	TCTGTTGG
Swap-seq_TDL_BioRep1_FFRep7_binA_PCRRep16	7	Swap-seq_TDL	THP-1	THP-1	Swap-seq_TDL	Swap-seq_Barcode	FALSE	NA	1	7	16	A	AAGGATGT	TCTGTTGG
Swap-seq_TDL_BioRep1_FFRep7_binB_PCRRep1	7	Swap-seq_TDL	THP-1	THP-1	Swap-seq_TDL	Swap-seq_Barcode	FALSE	NA	1	7	1	B	GCACACGA	TCTGTTGG
Swap-seq_TDL_BioRep1_FFRep7_binB_PCRRep2	7	Swap-seq_TDL	THP-1	THP-1	Swap-seq_TDL	Swap-seq_Barcode	FALSE	NA	1	7	2	B	TCTGGCGA	TCTGTTGG
Swap-seq_TDL_BioRep1_FFRep7_binB_PCRRep3	7	Swap-seq_TDL	THP-1	THP-1	Swap-seq_TDL	Swap-seq_Barcode	FALSE	NA	1	7	3	B	CATAGCGA	TCTGTTGG
Swap-seq_TDL_BioRep1_FFRep7_binB_PCRRep4	7	Swap-seq_TDL	THP-1	THP-1	Swap-seq_TDL	Swap-seq_Barcode	FALSE	NA	1	7	4	B	CAGGAGCC	TCTGTTGG
Swap-seq_TDL_BioRep1_FFRep7_binB_PCRRep5	7	Swap-seq_TDL	THP-1	THP-1	Swap-seq_TDL	Swap-seq_Barcode	FALSE	NA	1	7	5	B	TGTCGGAT	TCTGTTGG
Swap-seq_TDL_BioRep1_FFRep7_binB_PCRRep6	7	Swap-seq_TDL	THP-1	THP-1	Swap-seq_TDL	Swap-seq_Barcode	FALSE	NA	1	7	6	B	ATTATGTT	TCTGTTGG
Swap-seq_TDL_BioRep1_FFRep7_binB_PCRRep7	7	Swap-seq_TDL	THP-1	THP-1	Swap-seq_TDL	Swap-seq_Barcode	FALSE	NA	1	7	7	B	CCTACCAT	TCTGTTGG
Swap-seq_TDL_BioRep1_FFRep7_binB_PCRRep8	7	Swap-seq_TDL	THP-1	THP-1	Swap-seq_TDL	Swap-seq_Barcode	FALSE	NA	1	7	8	B	TACTTAGC	TCTGTTGG
Swap-seq_TDL_BioRep1_FFRep7_binB_PCRRep9	7	Swap-seq_TDL	THP-1	THP-1	Swap-seq_TDL	Swap-seq_Barcode	FALSE	NA	1	7	9	B	GAAGAAGT	TCTGTTGG
Swap-seq_TDL_BioRep1_FFRep7_binB_PCRRep10	7	Swap-seq_TDL	THP-1	THP-1	Swap-seq_TDL	Swap-seq_Barcode	FALSE	NA	1	7	10	B	AGGATCTA	TCTGTTGG
Swap-seq_TDL_BioRep1_FFRep7_binB_PCRRep11	7	Swap-seq_TDL	THP-1	THP-1	Swap-seq_TDL	Swap-seq_Barcode	FALSE	NA	1	7	11	B	GACAGTAA	TCTGTTGG
Swap-seq_TDL_BioRep1_FFRep7_binB_PCRRep12	7	Swap-seq_TDL	THP-1	THP-1	Swap-seq_TDL	Swap-seq_Barcode	FALSE	NA	1	7	12	B	CCTATGCC	TCTGTTGG
Swap-seq_TDL_BioRep1_FFRep7_binB_PCRRep13	7	Swap-seq_TDL	THP-1	THP-1	Swap-seq_TDL	Swap-seq_Barcode	FALSE	NA	1	7	13	B	TCGCCTTG	TCTGTTGG
Swap-seq_TDL_BioRep1_FFRep7_binB_PCRRep14	7	Swap-seq_TDL	THP-1	THP-1	Swap-seq_TDL	Swap-seq_Barcode	FALSE	NA	1	7	14	B	ATAGCGTC	TCTGTTGG
Swap-seq_TDL_BioRep1_FFRep7_binB_PCRRep15	7	Swap-seq_TDL	THP-1	THP-1	Swap-seq_TDL	Swap-seq_Barcode	FALSE	NA	1	7	15	B	GTCGCCTT	TCTGTTGG
Swap-seq_TDL_BioRep1_FFRep7_binB_PCRRep16	7	Swap-seq_TDL	THP-1	THP-1	Swap-seq_TDL	Swap-seq_Barcode	FALSE	NA	1	7	16	B	ATTCTAGG	TCTGTTGG
Swap-seq_TDL_BioRep1_FFRep7_binC_PCRRep1	7	Swap-seq_TDL	THP-1	THP-1	Swap-seq_TDL	Swap-seq_Barcode	FALSE	NA	1	7	1	C	CGTTACCA	TCTGTTGG
Swap-seq_TDL_BioRep1_FFRep7_binC_PCRRep2	7	Swap-seq_TDL	THP-1	THP-1	Swap-seq_TDL	Swap-seq_Barcode	FALSE	NA	1	7	2	C	GTCTGATG	TCTGTTGG
Swap-seq_TDL_BioRep1_FFRep7_binC_PCRRep3	7	Swap-seq_TDL	THP-1	THP-1	Swap-seq_TDL	Swap-seq_Barcode	FALSE	NA	1	7	3	C	TTACGCAC	TCTGTTGG
Swap-seq_TDL_BioRep1_FFRep7_binC_PCRRep4	7	Swap-seq_TDL	THP-1	THP-1	Swap-seq_TDL	Swap-seq_Barcode	FALSE	NA	1	7	4	C	TTGAATAG	TCTGTTGG
Swap-seq_TDL_BioRep1_FFRep7_binC_PCRRep5	7	Swap-seq_TDL	THP-1	THP-1	Swap-seq_TDL	Swap-seq_Barcode	FALSE	NA	1	7	5	C	AAGACACT	TCTGTTGG
Swap-seq_TDL_BioRep1_FFRep7_binC_PCRRep6	7	Swap-seq_TDL	THP-1	THP-1	Swap-seq_TDL	Swap-seq_Barcode	FALSE	NA	1	7	6	C	CAGCAAGG	TCTGTTGG
Swap-seq_TDL_BioRep1_FFRep7_binC_PCRRep7	7	Swap-seq_TDL	THP-1	THP-1	Swap-seq_TDL	Swap-seq_Barcode	FALSE	NA	1	7	7	C	TCCAGCAA	TCTGTTGG
Swap-seq_TDL_BioRep1_FFRep7_binC_PCRRep8	7	Swap-seq_TDL	THP-1	THP-1	Swap-seq_TDL	Swap-seq_Barcode	FALSE	NA	1	7	8	C	CCAGAGCT	TCTGTTGG
Swap-seq_TDL_BioRep1_FFRep7_binC_PCRRep9	7	Swap-seq_TDL	THP-1	THP-1	Swap-seq_TDL	Swap-seq_Barcode	FALSE	NA	1	7	9	C	TCCTTGGT	TCTGTTGG
Swap-seq_TDL_BioRep1_FFRep7_binC_PCRRep10	7	Swap-seq_TDL	THP-1	THP-1	Swap-seq_TDL	Swap-seq_Barcode	FALSE	NA	1	7	10	C	AGGTTATC	TCTGTTGG
Swap-seq_TDL_BioRep1_FFRep7_binC_PCRRep11	7	Swap-seq_TDL	THP-1	THP-1	Swap-seq_TDL	Swap-seq_Barcode	FALSE	NA	1	7	11	C	GTCATCTA	TCTGTTGG
Swap-seq_TDL_BioRep1_FFRep7_binC_PCRRep12	7	Swap-seq_TDL	THP-1	THP-1	Swap-seq_TDL	Swap-seq_Barcode	FALSE	NA	1	7	12	C	CCTTCGCA	TCTGTTGG
Swap-seq_TDL_BioRep1_FFRep7_binC_PCRRep13	7	Swap-seq_TDL	THP-1	THP-1	Swap-seq_TDL	Swap-seq_Barcode	FALSE	NA	1	7	13	C	TCTCGGTC	TCTGTTGG
Swap-seq_TDL_BioRep1_FFRep7_binC_PCRRep14	7	Swap-seq_TDL	THP-1	THP-1	Swap-seq_TDL	Swap-seq_Barcode	FALSE	NA	1	7	14	C	ATTGTCTG	TCTGTTGG
Swap-seq_TDL_BioRep1_FFRep7_binC_PCRRep15	7	Swap-seq_TDL	THP-1	THP-1	Swap-seq_TDL	Swap-seq_Barcode	FALSE	NA	1	7	15	C	GAACCTAG	TCTGTTGG
Swap-seq_TDL_BioRep1_FFRep7_binC_PCRRep16	7	Swap-seq_TDL	THP-1	THP-1	Swap-seq_TDL	Swap-seq_Barcode	FALSE	NA	1	7	16	C	TAATGAAC	TCTGTTGG
Swap-seq_TDL_BioRep1_FFRep7_binD_PCRRep1	7	Swap-seq_TDL	THP-1	THP-1	Swap-seq_TDL	Swap-seq_Barcode	FALSE	NA	1	7	1	D	CTACCAGG	CTCACCAA
Swap-seq_TDL_BioRep1_FFRep7_binD_PCRRep2	7	Swap-seq_TDL	THP-1	THP-1	Swap-seq_TDL	Swap-seq_Barcode	FALSE	NA	1	7	2	D	CATGCTTA	CTCACCAA
Swap-seq_TDL_BioRep1_FFRep7_binD_PCRRep3	7	Swap-seq_TDL	THP-1	THP-1	Swap-seq_TDL	Swap-seq_Barcode	FALSE	NA	1	7	3	D	GCACATCT	CTCACCAA
Swap-seq_TDL_BioRep1_FFRep7_binD_PCRRep4	7	Swap-seq_TDL	THP-1	THP-1	Swap-seq_TDL	Swap-seq_Barcode	FALSE	NA	1	7	4	D	TGCTCGAC	CTCACCAA
Swap-seq_TDL_BioRep1_FFRep7_binD_PCRRep5	7	Swap-seq_TDL	THP-1	THP-1	Swap-seq_TDL	Swap-seq_Barcode	FALSE	NA	1	7	5	D	AGCAATTC	CTCACCAA
Swap-seq_TDL_BioRep1_FFRep7_binD_PCRRep6	7	Swap-seq_TDL	THP-1	THP-1	Swap-seq_TDL	Swap-seq_Barcode	FALSE	NA	1	7	6	D	AGTTGCTT	CTCACCAA
Swap-seq_TDL_BioRep1_FFRep7_binD_PCRRep7	7	Swap-seq_TDL	THP-1	THP-1	Swap-seq_TDL	Swap-seq_Barcode	FALSE	NA	1	7	7	D	CCAGTTAG	CTCACCAA
Swap-seq_TDL_BioRep1_FFRep7_binD_PCRRep8	7	Swap-seq_TDL	THP-1	THP-1	Swap-seq_TDL	Swap-seq_Barcode	FALSE	NA	1	7	8	D	TTGAGCCT	CTCACCAA
Swap-seq_TDL_BioRep1_FFRep7_binD_PCRRep9	7	Swap-seq_TDL	THP-1	THP-1	Swap-seq_TDL	Swap-seq_Barcode	FALSE	NA	1	7	9	D	ACCAACTG	CTCACCAA
Swap-seq_TDL_BioRep1_FFRep7_binD_PCRRep10	7	Swap-seq_TDL	THP-1	THP-1	Swap-seq_TDL	Swap-seq_Barcode	FALSE	NA	1	7	10	D	GGTCCAGA	CTCACCAA
Swap-seq_TDL_BioRep1_FFRep7_binD_PCRRep11	7	Swap-seq_TDL	THP-1	THP-1	Swap-seq_TDL	Swap-seq_Barcode	FALSE	NA	1	7	11	D	GTATAACA	CTCACCAA
Swap-seq_TDL_BioRep1_FFRep7_binD_PCRRep12	7	Swap-seq_TDL	THP-1	THP-1	Swap-seq_TDL	Swap-seq_Barcode	FALSE	NA	1	7	12	D	TTCGCTGA	CTCACCAA
Swap-seq_TDL_BioRep1_FFRep7_binD_PCRRep13	7	Swap-seq_TDL	THP-1	THP-1	Swap-seq_TDL	Swap-seq_Barcode	FALSE	NA	1	7	13	D	AACTTGAC	CTCACCAA
Swap-seq_TDL_BioRep1_FFRep7_binD_PCRRep14	7	Swap-seq_TDL	THP-1	THP-1	Swap-seq_TDL	Swap-seq_Barcode	FALSE	NA	1	7	14	D	CACATCCT	CTCACCAA
Swap-seq_TDL_BioRep1_FFRep7_binD_PCRRep15	7	Swap-seq_TDL	THP-1	THP-1	Swap-seq_TDL	Swap-seq_Barcode	FALSE	NA	1	7	15	D	TCGGAATG	CTCACCAA
Swap-seq_TDL_BioRep1_FFRep7_binD_PCRRep16	7	Swap-seq_TDL	THP-1	THP-1	Swap-seq_TDL	Swap-seq_Barcode	FALSE	NA	1	7	16	D	AAGGATGT	CTCACCAA
Swap-seq_TDL_All_Input_BioRep1_FFRep7_PCRRep1	7	Swap-seq_TDL	THP-1	THP-1	Swap-seq_TDL	Swap-seq_Barcode	FALSE	NA	1	7	1	All	TCCAGCAA	CTCACCAA
Swap-seq_TDL_All_Input_BioRep1_FFRep7_PCRRep2	7	Swap-seq_TDL	THP-1	THP-1	Swap-seq_TDL	Swap-seq_Barcode	FALSE	NA	1	7	2	All	GAACCTAG	CTCACCAA
Swap-seq_TDL_BioRep2_FFRep1_binA_PCRRep1	8	Swap-seq_TDL	THP-1	THP-1	Swap-seq_TDL	Swap-seq_Barcode	FALSE	NA	2	1	1	A	AACGCATT	CTAGCGCT
Swap-seq_TDL_BioRep2_FFRep1_binA_PCRRep2	8	Swap-seq_TDL	THP-1	THP-1	Swap-seq_TDL	Swap-seq_Barcode	FALSE	NA	2	1	2	A	CAACTCTC	CTAGCGCT
Swap-seq_TDL_BioRep2_FFRep1_binA_PCRRep3	8	Swap-seq_TDL	THP-1	THP-1	Swap-seq_TDL	Swap-seq_Barcode	FALSE	NA	2	1	3	A	CTGTAATC	CTAGCGCT
Swap-seq_TDL_BioRep2_FFRep1_binA_PCRRep4	8	Swap-seq_TDL	THP-1	THP-1	Swap-seq_TDL	Swap-seq_Barcode	FALSE	NA	2	1	4	A	TAAGCACA	CTAGCGCT
Swap-seq_TDL_BioRep2_FFRep1_binA_PCRRep5	8	Swap-seq_TDL	THP-1	THP-1	Swap-seq_TDL	Swap-seq_Barcode	FALSE	NA	2	1	5	A	AATGTTCT	CTAGCGCT
Swap-seq_TDL_BioRep2_FFRep1_binA_PCRRep6	8	Swap-seq_TDL	THP-1	THP-1	Swap-seq_TDL	Swap-seq_Barcode	FALSE	NA	2	1	6	A	CAGCGGTA	CTAGCGCT
Swap-seq_TDL_BioRep2_FFRep1_binA_PCRRep7	8	Swap-seq_TDL	THP-1	THP-1	Swap-seq_TDL	Swap-seq_Barcode	FALSE	NA	2	1	7	A	GACCAGGA	CTAGCGCT
Swap-seq_TDL_BioRep2_FFRep1_binA_PCRRep8	8	Swap-seq_TDL	THP-1	THP-1	Swap-seq_TDL	Swap-seq_Barcode	FALSE	NA	2	1	8	A	TATCCAGG	CTAGCGCT
Swap-seq_TDL_BioRep2_FFRep1_binA_PCRRep9	8	Swap-seq_TDL	THP-1	THP-1	Swap-seq_TDL	Swap-seq_Barcode	FALSE	NA	2	1	9	A	ACAGGTAT	CTAGCGCT
Swap-seq_TDL_BioRep2_FFRep1_binA_PCRRep10	8	Swap-seq_TDL	THP-1	THP-1	Swap-seq_TDL	Swap-seq_Barcode	FALSE	NA	2	1	10	A	CCAACATT	CTAGCGCT
Swap-seq_TDL_BioRep2_FFRep1_binA_PCRRep11	8	Swap-seq_TDL	THP-1	THP-1	Swap-seq_TDL	Swap-seq_Barcode	FALSE	NA	2	1	11	A	GCCGTCGA	CTAGCGCT
Swap-seq_TDL_BioRep2_FFRep1_binA_PCRRep12	8	Swap-seq_TDL	THP-1	THP-1	Swap-seq_TDL	Swap-seq_Barcode	FALSE	NA	2	1	12	A	TATCTGCC	CTAGCGCT
Swap-seq_TDL_BioRep2_FFRep1_binA_PCRRep13	8	Swap-seq_TDL	THP-1	THP-1	Swap-seq_TDL	Swap-seq_Barcode	FALSE	NA	2	1	13	A	ACTAAGAC	CTAGCGCT
Swap-seq_TDL_BioRep2_FFRep1_binA_PCRRep14	8	Swap-seq_TDL	THP-1	THP-1	Swap-seq_TDL	Swap-seq_Barcode	FALSE	NA	2	1	14	A	CGCCTTCC	CTAGCGCT
Swap-seq_TDL_BioRep2_FFRep1_binA_PCRRep15	8	Swap-seq_TDL	THP-1	THP-1	Swap-seq_TDL	Swap-seq_Barcode	FALSE	NA	2	1	15	A	GCCTAGCC	CTAGCGCT
Swap-seq_TDL_BioRep2_FFRep1_binA_PCRRep16	8	Swap-seq_TDL	THP-1	THP-1	Swap-seq_TDL	Swap-seq_Barcode	FALSE	NA	2	1	16	A	TGCTGCTG	CTAGCGCT
Swap-seq_TDL_BioRep2_FFRep1_binB_PCRRep1	8	Swap-seq_TDL	THP-1	THP-1	Swap-seq_TDL	Swap-seq_Barcode	FALSE	NA	2	1	1	B	AGGTAAGG	CTAGCGCT
Swap-seq_TDL_BioRep2_FFRep1_binB_PCRRep2	8	Swap-seq_TDL	THP-1	THP-1	Swap-seq_TDL	Swap-seq_Barcode	FALSE	NA	2	1	2	B	CTAACTCG	CTAGCGCT
Swap-seq_TDL_BioRep2_FFRep1_binB_PCRRep3	8	Swap-seq_TDL	THP-1	THP-1	Swap-seq_TDL	Swap-seq_Barcode	FALSE	NA	2	1	3	B	GTAACATC	CTAGCGCT
Swap-seq_TDL_BioRep2_FFRep1_binB_PCRRep4	8	Swap-seq_TDL	THP-1	THP-1	Swap-seq_TDL	Swap-seq_Barcode	FALSE	NA	2	1	4	B	TGTAATCA	CTAGCGCT
Swap-seq_TDL_BioRep2_FFRep1_binB_PCRRep5	8	Swap-seq_TDL	THP-1	THP-1	Swap-seq_TDL	Swap-seq_Barcode	FALSE	NA	2	1	5	B	ATTATCAA	CTAGCGCT
Swap-seq_TDL_BioRep2_FFRep1_binB_PCRRep6	8	Swap-seq_TDL	THP-1	THP-1	Swap-seq_TDL	Swap-seq_Barcode	FALSE	NA	2	1	6	B	CTATGCGT	CTAGCGCT
Swap-seq_TDL_BioRep2_FFRep1_binB_PCRRep7	8	Swap-seq_TDL	THP-1	THP-1	Swap-seq_TDL	Swap-seq_Barcode	FALSE	NA	2	1	7	B	GTCCACAG	CTAGCGCT
Swap-seq_TDL_BioRep2_FFRep1_binB_PCRRep8	8	Swap-seq_TDL	THP-1	THP-1	Swap-seq_TDL	Swap-seq_Barcode	FALSE	NA	2	1	8	B	TTGTCTAT	CTAGCGCT
Swap-seq_TDL_BioRep2_FFRep1_binB_PCRRep9	8	Swap-seq_TDL	THP-1	THP-1	Swap-seq_TDL	Swap-seq_Barcode	FALSE	NA	2	1	9	B	AACAATGG	CTAGCGCT
Swap-seq_TDL_BioRep2_FFRep1_binB_PCRRep10	8	Swap-seq_TDL	THP-1	THP-1	Swap-seq_TDL	Swap-seq_Barcode	FALSE	NA	2	1	10	B	ATTCCTCT	CTAGCGCT
Swap-seq_TDL_BioRep2_FFRep1_binB_PCRRep11	8	Swap-seq_TDL	THP-1	THP-1	Swap-seq_TDL	Swap-seq_Barcode	FALSE	NA	2	1	11	B	GAAGGAAG	CTAGCGCT
Swap-seq_TDL_BioRep2_FFRep1_binB_PCRRep12	8	Swap-seq_TDL	THP-1	THP-1	Swap-seq_TDL	Swap-seq_Barcode	FALSE	NA	2	1	12	B	TCGCTAGA	CTAGCGCT
Swap-seq_TDL_BioRep2_FFRep1_binB_PCRRep13	8	Swap-seq_TDL	THP-1	THP-1	Swap-seq_TDL	Swap-seq_Barcode	FALSE	NA	2	1	13	B	ACAGTTGA	CTAGCGCT
Swap-seq_TDL_BioRep2_FFRep1_binB_PCRRep14	8	Swap-seq_TDL	THP-1	THP-1	Swap-seq_TDL	Swap-seq_Barcode	FALSE	NA	2	1	14	B	CAATAGTC	CTAGCGCT
Swap-seq_TDL_BioRep2_FFRep1_binB_PCRRep15	8	Swap-seq_TDL	THP-1	THP-1	Swap-seq_TDL	Swap-seq_Barcode	FALSE	NA	2	1	15	B	GACCGTTG	CTAGCGCT
Swap-seq_TDL_BioRep2_FFRep1_binB_PCRRep16	8	Swap-seq_TDL	THP-1	THP-1	Swap-seq_TDL	Swap-seq_Barcode	FALSE	NA	2	1	16	B	TCTGCAAG	CTAGCGCT
Swap-seq_TDL_BioRep2_FFRep1_binC_PCRRep1	8	Swap-seq_TDL	THP-1	THP-1	Swap-seq_TDL	Swap-seq_Barcode	FALSE	NA	2	1	1	C	ACTGTATC	CTAGCGCT
Swap-seq_TDL_BioRep2_FFRep1_binC_PCRRep2	8	Swap-seq_TDL	THP-1	THP-1	Swap-seq_TDL	Swap-seq_Barcode	FALSE	NA	2	1	2	C	CCAGCACC	CTAGCGCT
Swap-seq_TDL_BioRep2_FFRep1_binC_PCRRep3	8	Swap-seq_TDL	THP-1	THP-1	Swap-seq_TDL	Swap-seq_Barcode	FALSE	NA	2	1	3	C	GACCTAAC	CTAGCGCT
Swap-seq_TDL_BioRep2_FFRep1_binC_PCRRep4	8	Swap-seq_TDL	THP-1	THP-1	Swap-seq_TDL	Swap-seq_Barcode	FALSE	NA	2	1	4	C	TGCAAGTA	CTAGCGCT
Swap-seq_TDL_BioRep2_FFRep1_binC_PCRRep5	8	Swap-seq_TDL	THP-1	THP-1	Swap-seq_TDL	Swap-seq_Barcode	FALSE	NA	2	1	5	C	AGCATGGA	CTAGCGCT
Swap-seq_TDL_BioRep2_FFRep1_binC_PCRRep6	8	Swap-seq_TDL	THP-1	THP-1	Swap-seq_TDL	Swap-seq_Barcode	FALSE	NA	2	1	6	C	CGCTATGT	CTAGCGCT
Swap-seq_TDL_BioRep2_FFRep1_binC_PCRRep7	8	Swap-seq_TDL	THP-1	THP-1	Swap-seq_TDL	Swap-seq_Barcode	FALSE	NA	2	1	7	C	GATATCCA	CTAGCGCT
Swap-seq_TDL_BioRep2_FFRep1_binC_PCRRep8	8	Swap-seq_TDL	THP-1	THP-1	Swap-seq_TDL	Swap-seq_Barcode	FALSE	NA	2	1	8	C	TGTAACTC	CTAGCGCT
Swap-seq_TDL_BioRep2_FFRep1_binC_PCRRep9	8	Swap-seq_TDL	THP-1	THP-1	Swap-seq_TDL	Swap-seq_Barcode	FALSE	NA	2	1	9	C	AGGTCGCA	CTAGCGCT
Swap-seq_TDL_BioRep2_FFRep1_binC_PCRRep10	8	Swap-seq_TDL	THP-1	THP-1	Swap-seq_TDL	Swap-seq_Barcode	FALSE	NA	2	1	10	C	CTGCGGAT	CTAGCGCT
Swap-seq_TDL_BioRep2_FFRep1_binC_PCRRep11	8	Swap-seq_TDL	THP-1	THP-1	Swap-seq_TDL	Swap-seq_Barcode	FALSE	NA	2	1	11	C	GCAGCCGT	CTAGCGCT
Swap-seq_TDL_BioRep2_FFRep1_binC_PCRRep12	8	Swap-seq_TDL	THP-1	THP-1	Swap-seq_TDL	Swap-seq_Barcode	FALSE	NA	2	1	12	C	TTAATCAG	CTAGCGCT
Swap-seq_TDL_BioRep2_FFRep1_binC_PCRRep13	8	Swap-seq_TDL	THP-1	THP-1	Swap-seq_TDL	Swap-seq_Barcode	FALSE	NA	2	1	13	C	AGGTGCGA	CTAGCGCT
Swap-seq_TDL_BioRep2_FFRep1_binC_PCRRep14	8	Swap-seq_TDL	THP-1	THP-1	Swap-seq_TDL	Swap-seq_Barcode	FALSE	NA	2	1	14	C	CTGTGGCG	CTAGCGCT
Swap-seq_TDL_BioRep2_FFRep1_binC_PCRRep15	8	Swap-seq_TDL	THP-1	THP-1	Swap-seq_TDL	Swap-seq_Barcode	FALSE	NA	2	1	15	C	GCCGCAAC	CTAGCGCT
Swap-seq_TDL_BioRep2_FFRep1_binC_PCRRep16	8	Swap-seq_TDL	THP-1	THP-1	Swap-seq_TDL	Swap-seq_Barcode	FALSE	NA	2	1	16	C	TTATATCT	CTAGCGCT
Swap-seq_TDL_BioRep2_FFRep1_binD_PCRRep1	8	Swap-seq_TDL	THP-1	THP-1	Swap-seq_TDL	Swap-seq_Barcode	FALSE	NA	2	1	1	D	AACGCATT	TCGATATC
Swap-seq_TDL_BioRep2_FFRep1_binD_PCRRep2	8	Swap-seq_TDL	THP-1	THP-1	Swap-seq_TDL	Swap-seq_Barcode	FALSE	NA	2	1	2	D	CAACTCTC	TCGATATC
Swap-seq_TDL_BioRep2_FFRep1_binD_PCRRep3	8	Swap-seq_TDL	THP-1	THP-1	Swap-seq_TDL	Swap-seq_Barcode	FALSE	NA	2	1	3	D	CTGTAATC	TCGATATC
Swap-seq_TDL_BioRep2_FFRep1_binD_PCRRep4	8	Swap-seq_TDL	THP-1	THP-1	Swap-seq_TDL	Swap-seq_Barcode	FALSE	NA	2	1	4	D	TAAGCACA	TCGATATC
Swap-seq_TDL_BioRep2_FFRep1_binD_PCRRep5	8	Swap-seq_TDL	THP-1	THP-1	Swap-seq_TDL	Swap-seq_Barcode	FALSE	NA	2	1	5	D	AATGTTCT	TCGATATC
Swap-seq_TDL_BioRep2_FFRep1_binD_PCRRep6	8	Swap-seq_TDL	THP-1	THP-1	Swap-seq_TDL	Swap-seq_Barcode	FALSE	NA	2	1	6	D	CAGCGGTA	TCGATATC
Swap-seq_TDL_BioRep2_FFRep1_binD_PCRRep7	8	Swap-seq_TDL	THP-1	THP-1	Swap-seq_TDL	Swap-seq_Barcode	FALSE	NA	2	1	7	D	GACCAGGA	TCGATATC
Swap-seq_TDL_BioRep2_FFRep1_binD_PCRRep8	8	Swap-seq_TDL	THP-1	THP-1	Swap-seq_TDL	Swap-seq_Barcode	FALSE	NA	2	1	8	D	TATCCAGG	TCGATATC
Swap-seq_TDL_BioRep2_FFRep1_binD_PCRRep9	8	Swap-seq_TDL	THP-1	THP-1	Swap-seq_TDL	Swap-seq_Barcode	FALSE	NA	2	1	9	D	ACAGGTAT	TCGATATC
Swap-seq_TDL_BioRep2_FFRep1_binD_PCRRep10	8	Swap-seq_TDL	THP-1	THP-1	Swap-seq_TDL	Swap-seq_Barcode	FALSE	NA	2	1	10	D	CCAACATT	TCGATATC
Swap-seq_TDL_BioRep2_FFRep1_binD_PCRRep11	8	Swap-seq_TDL	THP-1	THP-1	Swap-seq_TDL	Swap-seq_Barcode	FALSE	NA	2	1	11	D	GCCGTCGA	TCGATATC
Swap-seq_TDL_BioRep2_FFRep1_binD_PCRRep12	8	Swap-seq_TDL	THP-1	THP-1	Swap-seq_TDL	Swap-seq_Barcode	FALSE	NA	2	1	12	D	TATCTGCC	TCGATATC
Swap-seq_TDL_BioRep2_FFRep1_binD_PCRRep13	8	Swap-seq_TDL	THP-1	THP-1	Swap-seq_TDL	Swap-seq_Barcode	FALSE	NA	2	1	13	D	ACTAAGAC	TCGATATC
Swap-seq_TDL_BioRep2_FFRep1_binD_PCRRep14	8	Swap-seq_TDL	THP-1	THP-1	Swap-seq_TDL	Swap-seq_Barcode	FALSE	NA	2	1	14	D	CGCCTTCC	TCGATATC
Swap-seq_TDL_BioRep2_FFRep1_binD_PCRRep15	8	Swap-seq_TDL	THP-1	THP-1	Swap-seq_TDL	Swap-seq_Barcode	FALSE	NA	2	1	15	D	GCCTAGCC	TCGATATC
Swap-seq_TDL_BioRep2_FFRep1_binD_PCRRep16	8	Swap-seq_TDL	THP-1	THP-1	Swap-seq_TDL	Swap-seq_Barcode	FALSE	NA	2	1	16	D	TGCTGCTG	TCGATATC
Swap-seq_TDL_All_Input_BioRep2_FFRep1_PCRRep1	8	Swap-seq_TDL	THP-1	THP-1	Swap-seq_TDL	Swap-seq_Barcode	FALSE	NA	2	1	1	All	AACGCATT	CTCACCAA
Swap-seq_TDL_All_Input_BioRep2_FFRep1_PCRRep2	8	Swap-seq_TDL	THP-1	THP-1	Swap-seq_TDL	Swap-seq_Barcode	FALSE	NA	2	1	2	All	ACAGGTAT	CTCACCAA
Swap-seq_TDL_BioRep2_FFRep2_binA_PCRRep1	9	Swap-seq_TDL	THP-1	THP-1	Swap-seq_TDL	Swap-seq_Barcode	FALSE	NA	2	2	1	A	AGGTAAGG	TCGATATC
Swap-seq_TDL_BioRep2_FFRep2_binA_PCRRep2	9	Swap-seq_TDL	THP-1	THP-1	Swap-seq_TDL	Swap-seq_Barcode	FALSE	NA	2	2	2	A	CTAACTCG	TCGATATC
Swap-seq_TDL_BioRep2_FFRep2_binA_PCRRep3	9	Swap-seq_TDL	THP-1	THP-1	Swap-seq_TDL	Swap-seq_Barcode	FALSE	NA	2	2	3	A	GTAACATC	TCGATATC
Swap-seq_TDL_BioRep2_FFRep2_binA_PCRRep4	9	Swap-seq_TDL	THP-1	THP-1	Swap-seq_TDL	Swap-seq_Barcode	FALSE	NA	2	2	4	A	TGTAATCA	TCGATATC
Swap-seq_TDL_BioRep2_FFRep2_binA_PCRRep5	9	Swap-seq_TDL	THP-1	THP-1	Swap-seq_TDL	Swap-seq_Barcode	FALSE	NA	2	2	5	A	ATTATCAA	TCGATATC
Swap-seq_TDL_BioRep2_FFRep2_binA_PCRRep6	9	Swap-seq_TDL	THP-1	THP-1	Swap-seq_TDL	Swap-seq_Barcode	FALSE	NA	2	2	6	A	CTATGCGT	TCGATATC
Swap-seq_TDL_BioRep2_FFRep2_binA_PCRRep7	9	Swap-seq_TDL	THP-1	THP-1	Swap-seq_TDL	Swap-seq_Barcode	FALSE	NA	2	2	7	A	GTCCACAG	TCGATATC
Swap-seq_TDL_BioRep2_FFRep2_binA_PCRRep8	9	Swap-seq_TDL	THP-1	THP-1	Swap-seq_TDL	Swap-seq_Barcode	FALSE	NA	2	2	8	A	TTGTCTAT	TCGATATC
Swap-seq_TDL_BioRep2_FFRep2_binA_PCRRep9	9	Swap-seq_TDL	THP-1	THP-1	Swap-seq_TDL	Swap-seq_Barcode	FALSE	NA	2	2	9	A	AACAATGG	TCGATATC
Swap-seq_TDL_BioRep2_FFRep2_binA_PCRRep10	9	Swap-seq_TDL	THP-1	THP-1	Swap-seq_TDL	Swap-seq_Barcode	FALSE	NA	2	2	10	A	ATTCCTCT	TCGATATC
Swap-seq_TDL_BioRep2_FFRep2_binA_PCRRep11	9	Swap-seq_TDL	THP-1	THP-1	Swap-seq_TDL	Swap-seq_Barcode	FALSE	NA	2	2	11	A	GAAGGAAG	TCGATATC
Swap-seq_TDL_BioRep2_FFRep2_binA_PCRRep12	9	Swap-seq_TDL	THP-1	THP-1	Swap-seq_TDL	Swap-seq_Barcode	FALSE	NA	2	2	12	A	TCGCTAGA	TCGATATC
Swap-seq_TDL_BioRep2_FFRep2_binA_PCRRep13	9	Swap-seq_TDL	THP-1	THP-1	Swap-seq_TDL	Swap-seq_Barcode	FALSE	NA	2	2	13	A	ACAGTTGA	TCGATATC
Swap-seq_TDL_BioRep2_FFRep2_binA_PCRRep14	9	Swap-seq_TDL	THP-1	THP-1	Swap-seq_TDL	Swap-seq_Barcode	FALSE	NA	2	2	14	A	CAATAGTC	TCGATATC
Swap-seq_TDL_BioRep2_FFRep2_binA_PCRRep15	9	Swap-seq_TDL	THP-1	THP-1	Swap-seq_TDL	Swap-seq_Barcode	FALSE	NA	2	2	15	A	GACCGTTG	TCGATATC
Swap-seq_TDL_BioRep2_FFRep2_binA_PCRRep16	9	Swap-seq_TDL	THP-1	THP-1	Swap-seq_TDL	Swap-seq_Barcode	FALSE	NA	2	2	16	A	TCTGCAAG	TCGATATC
Swap-seq_TDL_BioRep2_FFRep2_binB_PCRRep1	9	Swap-seq_TDL	THP-1	THP-1	Swap-seq_TDL	Swap-seq_Barcode	FALSE	NA	2	2	1	B	ACTGTATC	TCGATATC
Swap-seq_TDL_BioRep2_FFRep2_binB_PCRRep2	9	Swap-seq_TDL	THP-1	THP-1	Swap-seq_TDL	Swap-seq_Barcode	FALSE	NA	2	2	2	B	CCAGCACC	TCGATATC
Swap-seq_TDL_BioRep2_FFRep2_binB_PCRRep3	9	Swap-seq_TDL	THP-1	THP-1	Swap-seq_TDL	Swap-seq_Barcode	FALSE	NA	2	2	3	B	GACCTAAC	TCGATATC
Swap-seq_TDL_BioRep2_FFRep2_binB_PCRRep4	9	Swap-seq_TDL	THP-1	THP-1	Swap-seq_TDL	Swap-seq_Barcode	FALSE	NA	2	2	4	B	TGCAAGTA	TCGATATC
Swap-seq_TDL_BioRep2_FFRep2_binB_PCRRep5	9	Swap-seq_TDL	THP-1	THP-1	Swap-seq_TDL	Swap-seq_Barcode	FALSE	NA	2	2	5	B	AGCATGGA	TCGATATC
Swap-seq_TDL_BioRep2_FFRep2_binB_PCRRep6	9	Swap-seq_TDL	THP-1	THP-1	Swap-seq_TDL	Swap-seq_Barcode	FALSE	NA	2	2	6	B	CGCTATGT	TCGATATC
Swap-seq_TDL_BioRep2_FFRep2_binB_PCRRep7	9	Swap-seq_TDL	THP-1	THP-1	Swap-seq_TDL	Swap-seq_Barcode	FALSE	NA	2	2	7	B	GATATCCA	TCGATATC
Swap-seq_TDL_BioRep2_FFRep2_binB_PCRRep8	9	Swap-seq_TDL	THP-1	THP-1	Swap-seq_TDL	Swap-seq_Barcode	FALSE	NA	2	2	8	B	TGTAACTC	TCGATATC
Swap-seq_TDL_BioRep2_FFRep2_binB_PCRRep9	9	Swap-seq_TDL	THP-1	THP-1	Swap-seq_TDL	Swap-seq_Barcode	FALSE	NA	2	2	9	B	AGGTCGCA	TCGATATC
Swap-seq_TDL_BioRep2_FFRep2_binB_PCRRep10	9	Swap-seq_TDL	THP-1	THP-1	Swap-seq_TDL	Swap-seq_Barcode	FALSE	NA	2	2	10	B	CTGCGGAT	TCGATATC
Swap-seq_TDL_BioRep2_FFRep2_binB_PCRRep11	9	Swap-seq_TDL	THP-1	THP-1	Swap-seq_TDL	Swap-seq_Barcode	FALSE	NA	2	2	11	B	GCAGCCGT	TCGATATC
Swap-seq_TDL_BioRep2_FFRep2_binB_PCRRep12	9	Swap-seq_TDL	THP-1	THP-1	Swap-seq_TDL	Swap-seq_Barcode	FALSE	NA	2	2	12	B	TTAATCAG	TCGATATC
Swap-seq_TDL_BioRep2_FFRep2_binB_PCRRep13	9	Swap-seq_TDL	THP-1	THP-1	Swap-seq_TDL	Swap-seq_Barcode	FALSE	NA	2	2	13	B	AGGTGCGA	TCGATATC
Swap-seq_TDL_BioRep2_FFRep2_binB_PCRRep14	9	Swap-seq_TDL	THP-1	THP-1	Swap-seq_TDL	Swap-seq_Barcode	FALSE	NA	2	2	14	B	CTGTGGCG	TCGATATC
Swap-seq_TDL_BioRep2_FFRep2_binB_PCRRep15	9	Swap-seq_TDL	THP-1	THP-1	Swap-seq_TDL	Swap-seq_Barcode	FALSE	NA	2	2	15	B	GCCGCAAC	TCGATATC
Swap-seq_TDL_BioRep2_FFRep2_binB_PCRRep16	9	Swap-seq_TDL	THP-1	THP-1	Swap-seq_TDL	Swap-seq_Barcode	FALSE	NA	2	2	16	B	TTATATCT	TCGATATC
Swap-seq_TDL_BioRep2_FFRep2_binC_PCRRep1	9	Swap-seq_TDL	THP-1	THP-1	Swap-seq_TDL	Swap-seq_Barcode	FALSE	NA	2	2	1	C	AACGCATT	CGTCTGCG
Swap-seq_TDL_BioRep2_FFRep2_binC_PCRRep2	9	Swap-seq_TDL	THP-1	THP-1	Swap-seq_TDL	Swap-seq_Barcode	FALSE	NA	2	2	2	C	CAACTCTC	CGTCTGCG
Swap-seq_TDL_BioRep2_FFRep2_binC_PCRRep3	9	Swap-seq_TDL	THP-1	THP-1	Swap-seq_TDL	Swap-seq_Barcode	FALSE	NA	2	2	3	C	CTGTAATC	CGTCTGCG
Swap-seq_TDL_BioRep2_FFRep2_binC_PCRRep4	9	Swap-seq_TDL	THP-1	THP-1	Swap-seq_TDL	Swap-seq_Barcode	FALSE	NA	2	2	4	C	TAAGCACA	CGTCTGCG
Swap-seq_TDL_BioRep2_FFRep2_binC_PCRRep5	9	Swap-seq_TDL	THP-1	THP-1	Swap-seq_TDL	Swap-seq_Barcode	FALSE	NA	2	2	5	C	AATGTTCT	CGTCTGCG
Swap-seq_TDL_BioRep2_FFRep2_binC_PCRRep6	9	Swap-seq_TDL	THP-1	THP-1	Swap-seq_TDL	Swap-seq_Barcode	FALSE	NA	2	2	6	C	CAGCGGTA	CGTCTGCG
Swap-seq_TDL_BioRep2_FFRep2_binC_PCRRep7	9	Swap-seq_TDL	THP-1	THP-1	Swap-seq_TDL	Swap-seq_Barcode	FALSE	NA	2	2	7	C	GACCAGGA	CGTCTGCG
Swap-seq_TDL_BioRep2_FFRep2_binC_PCRRep8	9	Swap-seq_TDL	THP-1	THP-1	Swap-seq_TDL	Swap-seq_Barcode	FALSE	NA	2	2	8	C	TATCCAGG	CGTCTGCG
Swap-seq_TDL_BioRep2_FFRep2_binC_PCRRep9	9	Swap-seq_TDL	THP-1	THP-1	Swap-seq_TDL	Swap-seq_Barcode	FALSE	NA	2	2	9	C	ACAGGTAT	CGTCTGCG
Swap-seq_TDL_BioRep2_FFRep2_binC_PCRRep10	9	Swap-seq_TDL	THP-1	THP-1	Swap-seq_TDL	Swap-seq_Barcode	FALSE	NA	2	2	10	C	CCAACATT	CGTCTGCG
Swap-seq_TDL_BioRep2_FFRep2_binC_PCRRep11	9	Swap-seq_TDL	THP-1	THP-1	Swap-seq_TDL	Swap-seq_Barcode	FALSE	NA	2	2	11	C	GCCGTCGA	CGTCTGCG
Swap-seq_TDL_BioRep2_FFRep2_binC_PCRRep12	9	Swap-seq_TDL	THP-1	THP-1	Swap-seq_TDL	Swap-seq_Barcode	FALSE	NA	2	2	12	C	TATCTGCC	CGTCTGCG
Swap-seq_TDL_BioRep2_FFRep2_binC_PCRRep13	9	Swap-seq_TDL	THP-1	THP-1	Swap-seq_TDL	Swap-seq_Barcode	FALSE	NA	2	2	13	C	ACTAAGAC	CGTCTGCG
Swap-seq_TDL_BioRep2_FFRep2_binC_PCRRep14	9	Swap-seq_TDL	THP-1	THP-1	Swap-seq_TDL	Swap-seq_Barcode	FALSE	NA	2	2	14	C	CGCCTTCC	CGTCTGCG
Swap-seq_TDL_BioRep2_FFRep2_binC_PCRRep15	9	Swap-seq_TDL	THP-1	THP-1	Swap-seq_TDL	Swap-seq_Barcode	FALSE	NA	2	2	15	C	GCCTAGCC	CGTCTGCG
Swap-seq_TDL_BioRep2_FFRep2_binC_PCRRep16	9	Swap-seq_TDL	THP-1	THP-1	Swap-seq_TDL	Swap-seq_Barcode	FALSE	NA	2	2	16	C	TGCTGCTG	CGTCTGCG
Swap-seq_TDL_BioRep2_FFRep2_binD_PCRRep1	9	Swap-seq_TDL	THP-1	THP-1	Swap-seq_TDL	Swap-seq_Barcode	FALSE	NA	2	2	1	D	AGGTAAGG	CGTCTGCG
Swap-seq_TDL_BioRep2_FFRep2_binD_PCRRep2	9	Swap-seq_TDL	THP-1	THP-1	Swap-seq_TDL	Swap-seq_Barcode	FALSE	NA	2	2	2	D	CTAACTCG	CGTCTGCG
Swap-seq_TDL_BioRep2_FFRep2_binD_PCRRep3	9	Swap-seq_TDL	THP-1	THP-1	Swap-seq_TDL	Swap-seq_Barcode	FALSE	NA	2	2	3	D	GTAACATC	CGTCTGCG
Swap-seq_TDL_BioRep2_FFRep2_binD_PCRRep4	9	Swap-seq_TDL	THP-1	THP-1	Swap-seq_TDL	Swap-seq_Barcode	FALSE	NA	2	2	4	D	TGTAATCA	CGTCTGCG
Swap-seq_TDL_BioRep2_FFRep2_binD_PCRRep5	9	Swap-seq_TDL	THP-1	THP-1	Swap-seq_TDL	Swap-seq_Barcode	FALSE	NA	2	2	5	D	ATTATCAA	CGTCTGCG
Swap-seq_TDL_BioRep2_FFRep2_binD_PCRRep6	9	Swap-seq_TDL	THP-1	THP-1	Swap-seq_TDL	Swap-seq_Barcode	FALSE	NA	2	2	6	D	CTATGCGT	CGTCTGCG
Swap-seq_TDL_BioRep2_FFRep2_binD_PCRRep7	9	Swap-seq_TDL	THP-1	THP-1	Swap-seq_TDL	Swap-seq_Barcode	FALSE	NA	2	2	7	D	GTCCACAG	CGTCTGCG
Swap-seq_TDL_BioRep2_FFRep2_binD_PCRRep8	9	Swap-seq_TDL	THP-1	THP-1	Swap-seq_TDL	Swap-seq_Barcode	FALSE	NA	2	2	8	D	TTGTCTAT	CGTCTGCG
Swap-seq_TDL_BioRep2_FFRep2_binD_PCRRep9	9	Swap-seq_TDL	THP-1	THP-1	Swap-seq_TDL	Swap-seq_Barcode	FALSE	NA	2	2	9	D	AACAATGG	CGTCTGCG
Swap-seq_TDL_BioRep2_FFRep2_binD_PCRRep10	9	Swap-seq_TDL	THP-1	THP-1	Swap-seq_TDL	Swap-seq_Barcode	FALSE	NA	2	2	10	D	ATTCCTCT	CGTCTGCG
Swap-seq_TDL_BioRep2_FFRep2_binD_PCRRep11	9	Swap-seq_TDL	THP-1	THP-1	Swap-seq_TDL	Swap-seq_Barcode	FALSE	NA	2	2	11	D	GAAGGAAG	CGTCTGCG
Swap-seq_TDL_BioRep2_FFRep2_binD_PCRRep12	9	Swap-seq_TDL	THP-1	THP-1	Swap-seq_TDL	Swap-seq_Barcode	FALSE	NA	2	2	12	D	TCGCTAGA	CGTCTGCG
Swap-seq_TDL_BioRep2_FFRep2_binD_PCRRep13	9	Swap-seq_TDL	THP-1	THP-1	Swap-seq_TDL	Swap-seq_Barcode	FALSE	NA	2	2	13	D	ACAGTTGA	CGTCTGCG
Swap-seq_TDL_BioRep2_FFRep2_binD_PCRRep14	9	Swap-seq_TDL	THP-1	THP-1	Swap-seq_TDL	Swap-seq_Barcode	FALSE	NA	2	2	14	D	CAATAGTC	CGTCTGCG
Swap-seq_TDL_BioRep2_FFRep2_binD_PCRRep15	9	Swap-seq_TDL	THP-1	THP-1	Swap-seq_TDL	Swap-seq_Barcode	FALSE	NA	2	2	15	D	GACCGTTG	CGTCTGCG
Swap-seq_TDL_BioRep2_FFRep2_binD_PCRRep16	9	Swap-seq_TDL	THP-1	THP-1	Swap-seq_TDL	Swap-seq_Barcode	FALSE	NA	2	2	16	D	TCTGCAAG	CGTCTGCG
Swap-seq_TDL_All_Input_BioRep2_FFRep2_PCRRep1	9	Swap-seq_TDL	THP-1	THP-1	Swap-seq_TDL	Swap-seq_Barcode	FALSE	NA	2	2	1	All	CAACTCTC	CTCACCAA
Swap-seq_TDL_All_Input_BioRep2_FFRep2_PCRRep2	9	Swap-seq_TDL	THP-1	THP-1	Swap-seq_TDL	Swap-seq_Barcode	FALSE	NA	2	2	2	All	CCAACATT	CTCACCAA
Swap-seq_TDL_BioRep2_FFRep3_binA_PCRRep1	10	Swap-seq_TDL	THP-1	THP-1	Swap-seq_TDL	Swap-seq_Barcode	FALSE	NA	2	3	1	A	ACTGTATC	CGTCTGCG
Swap-seq_TDL_BioRep2_FFRep3_binA_PCRRep2	10	Swap-seq_TDL	THP-1	THP-1	Swap-seq_TDL	Swap-seq_Barcode	FALSE	NA	2	3	2	A	CCAGCACC	CGTCTGCG
Swap-seq_TDL_BioRep2_FFRep3_binA_PCRRep3	10	Swap-seq_TDL	THP-1	THP-1	Swap-seq_TDL	Swap-seq_Barcode	FALSE	NA	2	3	3	A	GACCTAAC	CGTCTGCG
Swap-seq_TDL_BioRep2_FFRep3_binA_PCRRep4	10	Swap-seq_TDL	THP-1	THP-1	Swap-seq_TDL	Swap-seq_Barcode	FALSE	NA	2	3	4	A	TGCAAGTA	CGTCTGCG
Swap-seq_TDL_BioRep2_FFRep3_binA_PCRRep5	10	Swap-seq_TDL	THP-1	THP-1	Swap-seq_TDL	Swap-seq_Barcode	FALSE	NA	2	3	5	A	AGCATGGA	CGTCTGCG
Swap-seq_TDL_BioRep2_FFRep3_binA_PCRRep6	10	Swap-seq_TDL	THP-1	THP-1	Swap-seq_TDL	Swap-seq_Barcode	FALSE	NA	2	3	6	A	CGCTATGT	CGTCTGCG
Swap-seq_TDL_BioRep2_FFRep3_binA_PCRRep7	10	Swap-seq_TDL	THP-1	THP-1	Swap-seq_TDL	Swap-seq_Barcode	FALSE	NA	2	3	7	A	GATATCCA	CGTCTGCG
Swap-seq_TDL_BioRep2_FFRep3_binA_PCRRep8	10	Swap-seq_TDL	THP-1	THP-1	Swap-seq_TDL	Swap-seq_Barcode	FALSE	NA	2	3	8	A	TGTAACTC	CGTCTGCG
Swap-seq_TDL_BioRep2_FFRep3_binA_PCRRep9	10	Swap-seq_TDL	THP-1	THP-1	Swap-seq_TDL	Swap-seq_Barcode	FALSE	NA	2	3	9	A	AGGTCGCA	CGTCTGCG
Swap-seq_TDL_BioRep2_FFRep3_binA_PCRRep10	10	Swap-seq_TDL	THP-1	THP-1	Swap-seq_TDL	Swap-seq_Barcode	FALSE	NA	2	3	10	A	CTGCGGAT	CGTCTGCG
Swap-seq_TDL_BioRep2_FFRep3_binA_PCRRep11	10	Swap-seq_TDL	THP-1	THP-1	Swap-seq_TDL	Swap-seq_Barcode	FALSE	NA	2	3	11	A	GCAGCCGT	CGTCTGCG
Swap-seq_TDL_BioRep2_FFRep3_binA_PCRRep12	10	Swap-seq_TDL	THP-1	THP-1	Swap-seq_TDL	Swap-seq_Barcode	FALSE	NA	2	3	12	A	TTAATCAG	CGTCTGCG
Swap-seq_TDL_BioRep2_FFRep3_binA_PCRRep13	10	Swap-seq_TDL	THP-1	THP-1	Swap-seq_TDL	Swap-seq_Barcode	FALSE	NA	2	3	13	A	AGGTGCGA	CGTCTGCG
Swap-seq_TDL_BioRep2_FFRep3_binA_PCRRep14	10	Swap-seq_TDL	THP-1	THP-1	Swap-seq_TDL	Swap-seq_Barcode	FALSE	NA	2	3	14	A	CTGTGGCG	CGTCTGCG
Swap-seq_TDL_BioRep2_FFRep3_binA_PCRRep15	10	Swap-seq_TDL	THP-1	THP-1	Swap-seq_TDL	Swap-seq_Barcode	FALSE	NA	2	3	15	A	GCCGCAAC	CGTCTGCG
Swap-seq_TDL_BioRep2_FFRep3_binA_PCRRep16	10	Swap-seq_TDL	THP-1	THP-1	Swap-seq_TDL	Swap-seq_Barcode	FALSE	NA	2	3	16	A	TTATATCT	CGTCTGCG
Swap-seq_TDL_BioRep2_FFRep3_binB_PCRRep1	10	Swap-seq_TDL	THP-1	THP-1	Swap-seq_TDL	Swap-seq_Barcode	FALSE	NA	2	3	1	B	AACGCATT	TACTCATA
Swap-seq_TDL_BioRep2_FFRep3_binB_PCRRep2	10	Swap-seq_TDL	THP-1	THP-1	Swap-seq_TDL	Swap-seq_Barcode	FALSE	NA	2	3	2	B	CAACTCTC	TACTCATA
Swap-seq_TDL_BioRep2_FFRep3_binB_PCRRep3	10	Swap-seq_TDL	THP-1	THP-1	Swap-seq_TDL	Swap-seq_Barcode	FALSE	NA	2	3	3	B	CTGTAATC	TACTCATA
Swap-seq_TDL_BioRep2_FFRep3_binB_PCRRep4	10	Swap-seq_TDL	THP-1	THP-1	Swap-seq_TDL	Swap-seq_Barcode	FALSE	NA	2	3	4	B	TAAGCACA	TACTCATA
Swap-seq_TDL_BioRep2_FFRep3_binB_PCRRep5	10	Swap-seq_TDL	THP-1	THP-1	Swap-seq_TDL	Swap-seq_Barcode	FALSE	NA	2	3	5	B	AATGTTCT	TACTCATA
Swap-seq_TDL_BioRep2_FFRep3_binB_PCRRep6	10	Swap-seq_TDL	THP-1	THP-1	Swap-seq_TDL	Swap-seq_Barcode	FALSE	NA	2	3	6	B	CAGCGGTA	TACTCATA
Swap-seq_TDL_BioRep2_FFRep3_binB_PCRRep7	10	Swap-seq_TDL	THP-1	THP-1	Swap-seq_TDL	Swap-seq_Barcode	FALSE	NA	2	3	7	B	GACCAGGA	TACTCATA
Swap-seq_TDL_BioRep2_FFRep3_binB_PCRRep8	10	Swap-seq_TDL	THP-1	THP-1	Swap-seq_TDL	Swap-seq_Barcode	FALSE	NA	2	3	8	B	TATCCAGG	TACTCATA
Swap-seq_TDL_BioRep2_FFRep3_binB_PCRRep9	10	Swap-seq_TDL	THP-1	THP-1	Swap-seq_TDL	Swap-seq_Barcode	FALSE	NA	2	3	9	B	ACAGGTAT	TACTCATA
Swap-seq_TDL_BioRep2_FFRep3_binB_PCRRep10	10	Swap-seq_TDL	THP-1	THP-1	Swap-seq_TDL	Swap-seq_Barcode	FALSE	NA	2	3	10	B	CCAACATT	TACTCATA
Swap-seq_TDL_BioRep2_FFRep3_binB_PCRRep11	10	Swap-seq_TDL	THP-1	THP-1	Swap-seq_TDL	Swap-seq_Barcode	FALSE	NA	2	3	11	B	GCCGTCGA	TACTCATA
Swap-seq_TDL_BioRep2_FFRep3_binB_PCRRep12	10	Swap-seq_TDL	THP-1	THP-1	Swap-seq_TDL	Swap-seq_Barcode	FALSE	NA	2	3	12	B	TATCTGCC	TACTCATA
Swap-seq_TDL_BioRep2_FFRep3_binB_PCRRep13	10	Swap-seq_TDL	THP-1	THP-1	Swap-seq_TDL	Swap-seq_Barcode	FALSE	NA	2	3	13	B	ACTAAGAC	TACTCATA
Swap-seq_TDL_BioRep2_FFRep3_binB_PCRRep14	10	Swap-seq_TDL	THP-1	THP-1	Swap-seq_TDL	Swap-seq_Barcode	FALSE	NA	2	3	14	B	CGCCTTCC	TACTCATA
Swap-seq_TDL_BioRep2_FFRep3_binB_PCRRep15	10	Swap-seq_TDL	THP-1	THP-1	Swap-seq_TDL	Swap-seq_Barcode	FALSE	NA	2	3	15	B	GCCTAGCC	TACTCATA
Swap-seq_TDL_BioRep2_FFRep3_binB_PCRRep16	10	Swap-seq_TDL	THP-1	THP-1	Swap-seq_TDL	Swap-seq_Barcode	FALSE	NA	2	3	16	B	TGCTGCTG	TACTCATA
Swap-seq_TDL_BioRep2_FFRep3_binC_PCRRep1	10	Swap-seq_TDL	THP-1	THP-1	Swap-seq_TDL	Swap-seq_Barcode	FALSE	NA	2	3	1	C	AGGTAAGG	TACTCATA
Swap-seq_TDL_BioRep2_FFRep3_binC_PCRRep2	10	Swap-seq_TDL	THP-1	THP-1	Swap-seq_TDL	Swap-seq_Barcode	FALSE	NA	2	3	2	C	CTAACTCG	TACTCATA
Swap-seq_TDL_BioRep2_FFRep3_binC_PCRRep3	10	Swap-seq_TDL	THP-1	THP-1	Swap-seq_TDL	Swap-seq_Barcode	FALSE	NA	2	3	3	C	GTAACATC	TACTCATA
Swap-seq_TDL_BioRep2_FFRep3_binC_PCRRep4	10	Swap-seq_TDL	THP-1	THP-1	Swap-seq_TDL	Swap-seq_Barcode	FALSE	NA	2	3	4	C	TGTAATCA	TACTCATA
Swap-seq_TDL_BioRep2_FFRep3_binC_PCRRep5	10	Swap-seq_TDL	THP-1	THP-1	Swap-seq_TDL	Swap-seq_Barcode	FALSE	NA	2	3	5	C	ATTATCAA	TACTCATA
Swap-seq_TDL_BioRep2_FFRep3_binC_PCRRep6	10	Swap-seq_TDL	THP-1	THP-1	Swap-seq_TDL	Swap-seq_Barcode	FALSE	NA	2	3	6	C	CTATGCGT	TACTCATA
Swap-seq_TDL_BioRep2_FFRep3_binC_PCRRep7	10	Swap-seq_TDL	THP-1	THP-1	Swap-seq_TDL	Swap-seq_Barcode	FALSE	NA	2	3	7	C	GTCCACAG	TACTCATA
Swap-seq_TDL_BioRep2_FFRep3_binC_PCRRep8	10	Swap-seq_TDL	THP-1	THP-1	Swap-seq_TDL	Swap-seq_Barcode	FALSE	NA	2	3	8	C	TTGTCTAT	TACTCATA
Swap-seq_TDL_BioRep2_FFRep3_binC_PCRRep9	10	Swap-seq_TDL	THP-1	THP-1	Swap-seq_TDL	Swap-seq_Barcode	FALSE	NA	2	3	9	C	AACAATGG	TACTCATA
Swap-seq_TDL_BioRep2_FFRep3_binC_PCRRep10	10	Swap-seq_TDL	THP-1	THP-1	Swap-seq_TDL	Swap-seq_Barcode	FALSE	NA	2	3	10	C	ATTCCTCT	TACTCATA
Swap-seq_TDL_BioRep2_FFRep3_binC_PCRRep11	10	Swap-seq_TDL	THP-1	THP-1	Swap-seq_TDL	Swap-seq_Barcode	FALSE	NA	2	3	11	C	GAAGGAAG	TACTCATA
Swap-seq_TDL_BioRep2_FFRep3_binC_PCRRep12	10	Swap-seq_TDL	THP-1	THP-1	Swap-seq_TDL	Swap-seq_Barcode	FALSE	NA	2	3	12	C	TCGCTAGA	TACTCATA
Swap-seq_TDL_BioRep2_FFRep3_binC_PCRRep13	10	Swap-seq_TDL	THP-1	THP-1	Swap-seq_TDL	Swap-seq_Barcode	FALSE	NA	2	3	13	C	ACAGTTGA	TACTCATA
Swap-seq_TDL_BioRep2_FFRep3_binC_PCRRep14	10	Swap-seq_TDL	THP-1	THP-1	Swap-seq_TDL	Swap-seq_Barcode	FALSE	NA	2	3	14	C	CAATAGTC	TACTCATA
Swap-seq_TDL_BioRep2_FFRep3_binC_PCRRep15	10	Swap-seq_TDL	THP-1	THP-1	Swap-seq_TDL	Swap-seq_Barcode	FALSE	NA	2	3	15	C	GACCGTTG	TACTCATA
Swap-seq_TDL_BioRep2_FFRep3_binC_PCRRep16	10	Swap-seq_TDL	THP-1	THP-1	Swap-seq_TDL	Swap-seq_Barcode	FALSE	NA	2	3	16	C	TCTGCAAG	TACTCATA
Swap-seq_TDL_BioRep2_FFRep3_binD_PCRRep1	10	Swap-seq_TDL	THP-1	THP-1	Swap-seq_TDL	Swap-seq_Barcode	FALSE	NA	2	3	1	D	ACTGTATC	TACTCATA
Swap-seq_TDL_BioRep2_FFRep3_binD_PCRRep2	10	Swap-seq_TDL	THP-1	THP-1	Swap-seq_TDL	Swap-seq_Barcode	FALSE	NA	2	3	2	D	CCAGCACC	TACTCATA
Swap-seq_TDL_BioRep2_FFRep3_binD_PCRRep3	10	Swap-seq_TDL	THP-1	THP-1	Swap-seq_TDL	Swap-seq_Barcode	FALSE	NA	2	3	3	D	GACCTAAC	TACTCATA
Swap-seq_TDL_BioRep2_FFRep3_binD_PCRRep4	10	Swap-seq_TDL	THP-1	THP-1	Swap-seq_TDL	Swap-seq_Barcode	FALSE	NA	2	3	4	D	TGCAAGTA	TACTCATA
Swap-seq_TDL_BioRep2_FFRep3_binD_PCRRep5	10	Swap-seq_TDL	THP-1	THP-1	Swap-seq_TDL	Swap-seq_Barcode	FALSE	NA	2	3	5	D	AGCATGGA	TACTCATA
Swap-seq_TDL_BioRep2_FFRep3_binD_PCRRep6	10	Swap-seq_TDL	THP-1	THP-1	Swap-seq_TDL	Swap-seq_Barcode	FALSE	NA	2	3	6	D	CGCTATGT	TACTCATA
Swap-seq_TDL_BioRep2_FFRep3_binD_PCRRep7	10	Swap-seq_TDL	THP-1	THP-1	Swap-seq_TDL	Swap-seq_Barcode	FALSE	NA	2	3	7	D	GATATCCA	TACTCATA
Swap-seq_TDL_BioRep2_FFRep3_binD_PCRRep8	10	Swap-seq_TDL	THP-1	THP-1	Swap-seq_TDL	Swap-seq_Barcode	FALSE	NA	2	3	8	D	TGTAACTC	TACTCATA
Swap-seq_TDL_BioRep2_FFRep3_binD_PCRRep9	10	Swap-seq_TDL	THP-1	THP-1	Swap-seq_TDL	Swap-seq_Barcode	FALSE	NA	2	3	9	D	AGGTCGCA	TACTCATA
Swap-seq_TDL_BioRep2_FFRep3_binD_PCRRep10	10	Swap-seq_TDL	THP-1	THP-1	Swap-seq_TDL	Swap-seq_Barcode	FALSE	NA	2	3	10	D	CTGCGGAT	TACTCATA
Swap-seq_TDL_BioRep2_FFRep3_binD_PCRRep11	10	Swap-seq_TDL	THP-1	THP-1	Swap-seq_TDL	Swap-seq_Barcode	FALSE	NA	2	3	11	D	GCAGCCGT	TACTCATA
Swap-seq_TDL_BioRep2_FFRep3_binD_PCRRep12	10	Swap-seq_TDL	THP-1	THP-1	Swap-seq_TDL	Swap-seq_Barcode	FALSE	NA	2	3	12	D	TTAATCAG	TACTCATA
Swap-seq_TDL_BioRep2_FFRep3_binD_PCRRep13	10	Swap-seq_TDL	THP-1	THP-1	Swap-seq_TDL	Swap-seq_Barcode	FALSE	NA	2	3	13	D	AGGTGCGA	TACTCATA
Swap-seq_TDL_BioRep2_FFRep3_binD_PCRRep14	10	Swap-seq_TDL	THP-1	THP-1	Swap-seq_TDL	Swap-seq_Barcode	FALSE	NA	2	3	14	D	CTGTGGCG	TACTCATA
Swap-seq_TDL_BioRep2_FFRep3_binD_PCRRep15	10	Swap-seq_TDL	THP-1	THP-1	Swap-seq_TDL	Swap-seq_Barcode	FALSE	NA	2	3	15	D	GCCGCAAC	TACTCATA
Swap-seq_TDL_BioRep2_FFRep3_binD_PCRRep16	10	Swap-seq_TDL	THP-1	THP-1	Swap-seq_TDL	Swap-seq_Barcode	FALSE	NA	2	3	16	D	TTATATCT	TACTCATA
Swap-seq_TDL_All_Input_BioRep2_FFRep3_PCRRep1	10	Swap-seq_TDL	THP-1	THP-1	Swap-seq_TDL	Swap-seq_Barcode	FALSE	NA	2	3	1	All	CTGTAATC	CTCACCAA
Swap-seq_TDL_All_Input_BioRep2_FFRep3_PCRRep2	10	Swap-seq_TDL	THP-1	THP-1	Swap-seq_TDL	Swap-seq_Barcode	FALSE	NA	2	3	2	All	GCCGTCGA	CTCACCAA
Swap-seq_TDL_BioRep2_FFRep4_binA_PCRRep1	11	Swap-seq_TDL	THP-1	THP-1	Swap-seq_TDL	Swap-seq_Barcode	FALSE	NA	2	4	1	A	AACGCATT	ACGCACCT
Swap-seq_TDL_BioRep2_FFRep4_binA_PCRRep2	11	Swap-seq_TDL	THP-1	THP-1	Swap-seq_TDL	Swap-seq_Barcode	FALSE	NA	2	4	2	A	CAACTCTC	ACGCACCT
Swap-seq_TDL_BioRep2_FFRep4_binA_PCRRep3	11	Swap-seq_TDL	THP-1	THP-1	Swap-seq_TDL	Swap-seq_Barcode	FALSE	NA	2	4	3	A	CTGTAATC	ACGCACCT
Swap-seq_TDL_BioRep2_FFRep4_binA_PCRRep4	11	Swap-seq_TDL	THP-1	THP-1	Swap-seq_TDL	Swap-seq_Barcode	FALSE	NA	2	4	4	A	TAAGCACA	ACGCACCT
Swap-seq_TDL_BioRep2_FFRep4_binA_PCRRep5	11	Swap-seq_TDL	THP-1	THP-1	Swap-seq_TDL	Swap-seq_Barcode	FALSE	NA	2	4	5	A	AATGTTCT	ACGCACCT
Swap-seq_TDL_BioRep2_FFRep4_binA_PCRRep6	11	Swap-seq_TDL	THP-1	THP-1	Swap-seq_TDL	Swap-seq_Barcode	FALSE	NA	2	4	6	A	CAGCGGTA	ACGCACCT
Swap-seq_TDL_BioRep2_FFRep4_binA_PCRRep7	11	Swap-seq_TDL	THP-1	THP-1	Swap-seq_TDL	Swap-seq_Barcode	FALSE	NA	2	4	7	A	GACCAGGA	ACGCACCT
Swap-seq_TDL_BioRep2_FFRep4_binA_PCRRep8	11	Swap-seq_TDL	THP-1	THP-1	Swap-seq_TDL	Swap-seq_Barcode	FALSE	NA	2	4	8	A	TATCCAGG	ACGCACCT
Swap-seq_TDL_BioRep2_FFRep4_binA_PCRRep9	11	Swap-seq_TDL	THP-1	THP-1	Swap-seq_TDL	Swap-seq_Barcode	FALSE	NA	2	4	9	A	ACAGGTAT	ACGCACCT
Swap-seq_TDL_BioRep2_FFRep4_binA_PCRRep10	11	Swap-seq_TDL	THP-1	THP-1	Swap-seq_TDL	Swap-seq_Barcode	FALSE	NA	2	4	10	A	CCAACATT	ACGCACCT
Swap-seq_TDL_BioRep2_FFRep4_binA_PCRRep11	11	Swap-seq_TDL	THP-1	THP-1	Swap-seq_TDL	Swap-seq_Barcode	FALSE	NA	2	4	11	A	GCCGTCGA	ACGCACCT
Swap-seq_TDL_BioRep2_FFRep4_binA_PCRRep12	11	Swap-seq_TDL	THP-1	THP-1	Swap-seq_TDL	Swap-seq_Barcode	FALSE	NA	2	4	12	A	TATCTGCC	ACGCACCT
Swap-seq_TDL_BioRep2_FFRep4_binA_PCRRep13	11	Swap-seq_TDL	THP-1	THP-1	Swap-seq_TDL	Swap-seq_Barcode	FALSE	NA	2	4	13	A	ACTAAGAC	ACGCACCT
Swap-seq_TDL_BioRep2_FFRep4_binA_PCRRep14	11	Swap-seq_TDL	THP-1	THP-1	Swap-seq_TDL	Swap-seq_Barcode	FALSE	NA	2	4	14	A	CGCCTTCC	ACGCACCT
Swap-seq_TDL_BioRep2_FFRep4_binA_PCRRep15	11	Swap-seq_TDL	THP-1	THP-1	Swap-seq_TDL	Swap-seq_Barcode	FALSE	NA	2	4	15	A	GCCTAGCC	ACGCACCT
Swap-seq_TDL_BioRep2_FFRep4_binA_PCRRep16	11	Swap-seq_TDL	THP-1	THP-1	Swap-seq_TDL	Swap-seq_Barcode	FALSE	NA	2	4	16	A	TGCTGCTG	ACGCACCT
Swap-seq_TDL_BioRep2_FFRep4_binB_PCRRep1	11	Swap-seq_TDL	THP-1	THP-1	Swap-seq_TDL	Swap-seq_Barcode	FALSE	NA	2	4	1	B	AGGTAAGG	ACGCACCT
Swap-seq_TDL_BioRep2_FFRep4_binB_PCRRep2	11	Swap-seq_TDL	THP-1	THP-1	Swap-seq_TDL	Swap-seq_Barcode	FALSE	NA	2	4	2	B	CTAACTCG	ACGCACCT
Swap-seq_TDL_BioRep2_FFRep4_binB_PCRRep3	11	Swap-seq_TDL	THP-1	THP-1	Swap-seq_TDL	Swap-seq_Barcode	FALSE	NA	2	4	3	B	GTAACATC	ACGCACCT
Swap-seq_TDL_BioRep2_FFRep4_binB_PCRRep4	11	Swap-seq_TDL	THP-1	THP-1	Swap-seq_TDL	Swap-seq_Barcode	FALSE	NA	2	4	4	B	TGTAATCA	ACGCACCT
Swap-seq_TDL_BioRep2_FFRep4_binB_PCRRep5	11	Swap-seq_TDL	THP-1	THP-1	Swap-seq_TDL	Swap-seq_Barcode	FALSE	NA	2	4	5	B	ATTATCAA	ACGCACCT
Swap-seq_TDL_BioRep2_FFRep4_binB_PCRRep6	11	Swap-seq_TDL	THP-1	THP-1	Swap-seq_TDL	Swap-seq_Barcode	FALSE	NA	2	4	6	B	CTATGCGT	ACGCACCT
Swap-seq_TDL_BioRep2_FFRep4_binB_PCRRep7	11	Swap-seq_TDL	THP-1	THP-1	Swap-seq_TDL	Swap-seq_Barcode	FALSE	NA	2	4	7	B	GTCCACAG	ACGCACCT
Swap-seq_TDL_BioRep2_FFRep4_binB_PCRRep8	11	Swap-seq_TDL	THP-1	THP-1	Swap-seq_TDL	Swap-seq_Barcode	FALSE	NA	2	4	8	B	TTGTCTAT	ACGCACCT
Swap-seq_TDL_BioRep2_FFRep4_binB_PCRRep9	11	Swap-seq_TDL	THP-1	THP-1	Swap-seq_TDL	Swap-seq_Barcode	FALSE	NA	2	4	9	B	AACAATGG	ACGCACCT
Swap-seq_TDL_BioRep2_FFRep4_binB_PCRRep10	11	Swap-seq_TDL	THP-1	THP-1	Swap-seq_TDL	Swap-seq_Barcode	FALSE	NA	2	4	10	B	ATTCCTCT	ACGCACCT
Swap-seq_TDL_BioRep2_FFRep4_binB_PCRRep11	11	Swap-seq_TDL	THP-1	THP-1	Swap-seq_TDL	Swap-seq_Barcode	FALSE	NA	2	4	11	B	GAAGGAAG	ACGCACCT
Swap-seq_TDL_BioRep2_FFRep4_binB_PCRRep12	11	Swap-seq_TDL	THP-1	THP-1	Swap-seq_TDL	Swap-seq_Barcode	FALSE	NA	2	4	12	B	TCGCTAGA	ACGCACCT
Swap-seq_TDL_BioRep2_FFRep4_binB_PCRRep13	11	Swap-seq_TDL	THP-1	THP-1	Swap-seq_TDL	Swap-seq_Barcode	FALSE	NA	2	4	13	B	ACAGTTGA	ACGCACCT
Swap-seq_TDL_BioRep2_FFRep4_binB_PCRRep14	11	Swap-seq_TDL	THP-1	THP-1	Swap-seq_TDL	Swap-seq_Barcode	FALSE	NA	2	4	14	B	CAATAGTC	ACGCACCT
Swap-seq_TDL_BioRep2_FFRep4_binB_PCRRep15	11	Swap-seq_TDL	THP-1	THP-1	Swap-seq_TDL	Swap-seq_Barcode	FALSE	NA	2	4	15	B	GACCGTTG	ACGCACCT
Swap-seq_TDL_BioRep2_FFRep4_binB_PCRRep16	11	Swap-seq_TDL	THP-1	THP-1	Swap-seq_TDL	Swap-seq_Barcode	FALSE	NA	2	4	16	B	TCTGCAAG	ACGCACCT
Swap-seq_TDL_BioRep2_FFRep4_binC_PCRRep1	11	Swap-seq_TDL	THP-1	THP-1	Swap-seq_TDL	Swap-seq_Barcode	FALSE	NA	2	4	1	C	ACTGTATC	ACGCACCT
Swap-seq_TDL_BioRep2_FFRep4_binC_PCRRep2	11	Swap-seq_TDL	THP-1	THP-1	Swap-seq_TDL	Swap-seq_Barcode	FALSE	NA	2	4	2	C	CCAGCACC	ACGCACCT
Swap-seq_TDL_BioRep2_FFRep4_binC_PCRRep3	11	Swap-seq_TDL	THP-1	THP-1	Swap-seq_TDL	Swap-seq_Barcode	FALSE	NA	2	4	3	C	GACCTAAC	ACGCACCT
Swap-seq_TDL_BioRep2_FFRep4_binC_PCRRep4	11	Swap-seq_TDL	THP-1	THP-1	Swap-seq_TDL	Swap-seq_Barcode	FALSE	NA	2	4	4	C	TGCAAGTA	ACGCACCT
Swap-seq_TDL_BioRep2_FFRep4_binC_PCRRep5	11	Swap-seq_TDL	THP-1	THP-1	Swap-seq_TDL	Swap-seq_Barcode	FALSE	NA	2	4	5	C	AGCATGGA	ACGCACCT
Swap-seq_TDL_BioRep2_FFRep4_binC_PCRRep6	11	Swap-seq_TDL	THP-1	THP-1	Swap-seq_TDL	Swap-seq_Barcode	FALSE	NA	2	4	6	C	CGCTATGT	ACGCACCT
Swap-seq_TDL_BioRep2_FFRep4_binC_PCRRep7	11	Swap-seq_TDL	THP-1	THP-1	Swap-seq_TDL	Swap-seq_Barcode	FALSE	NA	2	4	7	C	GATATCCA	ACGCACCT
Swap-seq_TDL_BioRep2_FFRep4_binC_PCRRep8	11	Swap-seq_TDL	THP-1	THP-1	Swap-seq_TDL	Swap-seq_Barcode	FALSE	NA	2	4	8	C	TGTAACTC	ACGCACCT
Swap-seq_TDL_BioRep2_FFRep4_binC_PCRRep9	11	Swap-seq_TDL	THP-1	THP-1	Swap-seq_TDL	Swap-seq_Barcode	FALSE	NA	2	4	9	C	AGGTCGCA	ACGCACCT
Swap-seq_TDL_BioRep2_FFRep4_binC_PCRRep10	11	Swap-seq_TDL	THP-1	THP-1	Swap-seq_TDL	Swap-seq_Barcode	FALSE	NA	2	4	10	C	CTGCGGAT	ACGCACCT
Swap-seq_TDL_BioRep2_FFRep4_binC_PCRRep11	11	Swap-seq_TDL	THP-1	THP-1	Swap-seq_TDL	Swap-seq_Barcode	FALSE	NA	2	4	11	C	GCAGCCGT	ACGCACCT
Swap-seq_TDL_BioRep2_FFRep4_binC_PCRRep12	11	Swap-seq_TDL	THP-1	THP-1	Swap-seq_TDL	Swap-seq_Barcode	FALSE	NA	2	4	12	C	TTAATCAG	ACGCACCT
Swap-seq_TDL_BioRep2_FFRep4_binC_PCRRep13	11	Swap-seq_TDL	THP-1	THP-1	Swap-seq_TDL	Swap-seq_Barcode	FALSE	NA	2	4	13	C	AGGTGCGA	ACGCACCT
Swap-seq_TDL_BioRep2_FFRep4_binC_PCRRep14	11	Swap-seq_TDL	THP-1	THP-1	Swap-seq_TDL	Swap-seq_Barcode	FALSE	NA	2	4	14	C	CTGTGGCG	ACGCACCT
Swap-seq_TDL_BioRep2_FFRep4_binC_PCRRep15	11	Swap-seq_TDL	THP-1	THP-1	Swap-seq_TDL	Swap-seq_Barcode	FALSE	NA	2	4	15	C	GCCGCAAC	ACGCACCT
Swap-seq_TDL_BioRep2_FFRep4_binC_PCRRep16	11	Swap-seq_TDL	THP-1	THP-1	Swap-seq_TDL	Swap-seq_Barcode	FALSE	NA	2	4	16	C	TTATATCT	ACGCACCT
Swap-seq_TDL_BioRep2_FFRep4_binD_PCRRep1	11	Swap-seq_TDL	THP-1	THP-1	Swap-seq_TDL	Swap-seq_Barcode	FALSE	NA	2	4	1	D	AACGCATT	GTATGTTC
Swap-seq_TDL_BioRep2_FFRep4_binD_PCRRep2	11	Swap-seq_TDL	THP-1	THP-1	Swap-seq_TDL	Swap-seq_Barcode	FALSE	NA	2	4	2	D	CAACTCTC	GTATGTTC
Swap-seq_TDL_BioRep2_FFRep4_binD_PCRRep3	11	Swap-seq_TDL	THP-1	THP-1	Swap-seq_TDL	Swap-seq_Barcode	FALSE	NA	2	4	3	D	CTGTAATC	GTATGTTC
Swap-seq_TDL_BioRep2_FFRep4_binD_PCRRep4	11	Swap-seq_TDL	THP-1	THP-1	Swap-seq_TDL	Swap-seq_Barcode	FALSE	NA	2	4	4	D	TAAGCACA	GTATGTTC
Swap-seq_TDL_BioRep2_FFRep4_binD_PCRRep5	11	Swap-seq_TDL	THP-1	THP-1	Swap-seq_TDL	Swap-seq_Barcode	FALSE	NA	2	4	5	D	AATGTTCT	GTATGTTC
Swap-seq_TDL_BioRep2_FFRep4_binD_PCRRep6	11	Swap-seq_TDL	THP-1	THP-1	Swap-seq_TDL	Swap-seq_Barcode	FALSE	NA	2	4	6	D	CAGCGGTA	GTATGTTC
Swap-seq_TDL_BioRep2_FFRep4_binD_PCRRep7	11	Swap-seq_TDL	THP-1	THP-1	Swap-seq_TDL	Swap-seq_Barcode	FALSE	NA	2	4	7	D	GACCAGGA	GTATGTTC
Swap-seq_TDL_BioRep2_FFRep4_binD_PCRRep8	11	Swap-seq_TDL	THP-1	THP-1	Swap-seq_TDL	Swap-seq_Barcode	FALSE	NA	2	4	8	D	TATCCAGG	GTATGTTC
Swap-seq_TDL_BioRep2_FFRep4_binD_PCRRep9	11	Swap-seq_TDL	THP-1	THP-1	Swap-seq_TDL	Swap-seq_Barcode	FALSE	NA	2	4	9	D	ACAGGTAT	GTATGTTC
Swap-seq_TDL_BioRep2_FFRep4_binD_PCRRep10	11	Swap-seq_TDL	THP-1	THP-1	Swap-seq_TDL	Swap-seq_Barcode	FALSE	NA	2	4	10	D	CCAACATT	GTATGTTC
Swap-seq_TDL_BioRep2_FFRep4_binD_PCRRep11	11	Swap-seq_TDL	THP-1	THP-1	Swap-seq_TDL	Swap-seq_Barcode	FALSE	NA	2	4	11	D	GCCGTCGA	GTATGTTC
Swap-seq_TDL_BioRep2_FFRep4_binD_PCRRep12	11	Swap-seq_TDL	THP-1	THP-1	Swap-seq_TDL	Swap-seq_Barcode	FALSE	NA	2	4	12	D	TATCTGCC	GTATGTTC
Swap-seq_TDL_BioRep2_FFRep4_binD_PCRRep13	11	Swap-seq_TDL	THP-1	THP-1	Swap-seq_TDL	Swap-seq_Barcode	FALSE	NA	2	4	13	D	ACTAAGAC	GTATGTTC
Swap-seq_TDL_BioRep2_FFRep4_binD_PCRRep14	11	Swap-seq_TDL	THP-1	THP-1	Swap-seq_TDL	Swap-seq_Barcode	FALSE	NA	2	4	14	D	CGCCTTCC	GTATGTTC
Swap-seq_TDL_BioRep2_FFRep4_binD_PCRRep15	11	Swap-seq_TDL	THP-1	THP-1	Swap-seq_TDL	Swap-seq_Barcode	FALSE	NA	2	4	15	D	GCCTAGCC	GTATGTTC
Swap-seq_TDL_BioRep2_FFRep4_binD_PCRRep16	11	Swap-seq_TDL	THP-1	THP-1	Swap-seq_TDL	Swap-seq_Barcode	FALSE	NA	2	4	16	D	TGCTGCTG	GTATGTTC
Swap-seq_TDL_All_Input_BioRep2_FFRep4_PCRRep1	11	Swap-seq_TDL	THP-1	THP-1	Swap-seq_TDL	Swap-seq_Barcode	FALSE	NA	2	4	1	All	TAAGCACA	CTCACCAA
Swap-seq_TDL_All_Input_BioRep2_FFRep4_PCRRep2	11	Swap-seq_TDL	THP-1	THP-1	Swap-seq_TDL	Swap-seq_Barcode	FALSE	NA	2	4	2	All	TATCTGCC	CTCACCAA
Swap-seq_TDL_BioRep2_FFRep5_binA_PCRRep1	12	Swap-seq_TDL	THP-1	THP-1	Swap-seq_TDL	Swap-seq_Barcode	FALSE	NA	2	5	1	A	AGGTAAGG	GTATGTTC
Swap-seq_TDL_BioRep2_FFRep5_binA_PCRRep2	12	Swap-seq_TDL	THP-1	THP-1	Swap-seq_TDL	Swap-seq_Barcode	FALSE	NA	2	5	2	A	CTAACTCG	GTATGTTC
Swap-seq_TDL_BioRep2_FFRep5_binA_PCRRep3	12	Swap-seq_TDL	THP-1	THP-1	Swap-seq_TDL	Swap-seq_Barcode	FALSE	NA	2	5	3	A	GTAACATC	GTATGTTC
Swap-seq_TDL_BioRep2_FFRep5_binA_PCRRep4	12	Swap-seq_TDL	THP-1	THP-1	Swap-seq_TDL	Swap-seq_Barcode	FALSE	NA	2	5	4	A	TGTAATCA	GTATGTTC
Swap-seq_TDL_BioRep2_FFRep5_binA_PCRRep5	12	Swap-seq_TDL	THP-1	THP-1	Swap-seq_TDL	Swap-seq_Barcode	FALSE	NA	2	5	5	A	ATTATCAA	GTATGTTC
Swap-seq_TDL_BioRep2_FFRep5_binA_PCRRep6	12	Swap-seq_TDL	THP-1	THP-1	Swap-seq_TDL	Swap-seq_Barcode	FALSE	NA	2	5	6	A	CTATGCGT	GTATGTTC
Swap-seq_TDL_BioRep2_FFRep5_binA_PCRRep7	12	Swap-seq_TDL	THP-1	THP-1	Swap-seq_TDL	Swap-seq_Barcode	FALSE	NA	2	5	7	A	GTCCACAG	GTATGTTC
Swap-seq_TDL_BioRep2_FFRep5_binA_PCRRep8	12	Swap-seq_TDL	THP-1	THP-1	Swap-seq_TDL	Swap-seq_Barcode	FALSE	NA	2	5	8	A	TTGTCTAT	GTATGTTC
Swap-seq_TDL_BioRep2_FFRep5_binA_PCRRep9	12	Swap-seq_TDL	THP-1	THP-1	Swap-seq_TDL	Swap-seq_Barcode	FALSE	NA	2	5	9	A	AACAATGG	GTATGTTC
Swap-seq_TDL_BioRep2_FFRep5_binA_PCRRep10	12	Swap-seq_TDL	THP-1	THP-1	Swap-seq_TDL	Swap-seq_Barcode	FALSE	NA	2	5	10	A	ATTCCTCT	GTATGTTC
Swap-seq_TDL_BioRep2_FFRep5_binA_PCRRep11	12	Swap-seq_TDL	THP-1	THP-1	Swap-seq_TDL	Swap-seq_Barcode	FALSE	NA	2	5	11	A	GAAGGAAG	GTATGTTC
Swap-seq_TDL_BioRep2_FFRep5_binA_PCRRep12	12	Swap-seq_TDL	THP-1	THP-1	Swap-seq_TDL	Swap-seq_Barcode	FALSE	NA	2	5	12	A	TCGCTAGA	GTATGTTC
Swap-seq_TDL_BioRep2_FFRep5_binA_PCRRep13	12	Swap-seq_TDL	THP-1	THP-1	Swap-seq_TDL	Swap-seq_Barcode	FALSE	NA	2	5	13	A	ACAGTTGA	GTATGTTC
Swap-seq_TDL_BioRep2_FFRep5_binA_PCRRep14	12	Swap-seq_TDL	THP-1	THP-1	Swap-seq_TDL	Swap-seq_Barcode	FALSE	NA	2	5	14	A	CAATAGTC	GTATGTTC
Swap-seq_TDL_BioRep2_FFRep5_binA_PCRRep15	12	Swap-seq_TDL	THP-1	THP-1	Swap-seq_TDL	Swap-seq_Barcode	FALSE	NA	2	5	15	A	GACCGTTG	GTATGTTC
Swap-seq_TDL_BioRep2_FFRep5_binA_PCRRep16	12	Swap-seq_TDL	THP-1	THP-1	Swap-seq_TDL	Swap-seq_Barcode	FALSE	NA	2	5	16	A	TCTGCAAG	GTATGTTC
Swap-seq_TDL_BioRep2_FFRep5_binB_PCRRep1	12	Swap-seq_TDL	THP-1	THP-1	Swap-seq_TDL	Swap-seq_Barcode	FALSE	NA	2	5	1	B	ACTGTATC	GTATGTTC
Swap-seq_TDL_BioRep2_FFRep5_binB_PCRRep2	12	Swap-seq_TDL	THP-1	THP-1	Swap-seq_TDL	Swap-seq_Barcode	FALSE	NA	2	5	2	B	CCAGCACC	GTATGTTC
Swap-seq_TDL_BioRep2_FFRep5_binB_PCRRep3	12	Swap-seq_TDL	THP-1	THP-1	Swap-seq_TDL	Swap-seq_Barcode	FALSE	NA	2	5	3	B	GACCTAAC	GTATGTTC
Swap-seq_TDL_BioRep2_FFRep5_binB_PCRRep4	12	Swap-seq_TDL	THP-1	THP-1	Swap-seq_TDL	Swap-seq_Barcode	FALSE	NA	2	5	4	B	TGCAAGTA	GTATGTTC
Swap-seq_TDL_BioRep2_FFRep5_binB_PCRRep5	12	Swap-seq_TDL	THP-1	THP-1	Swap-seq_TDL	Swap-seq_Barcode	FALSE	NA	2	5	5	B	AGCATGGA	GTATGTTC
Swap-seq_TDL_BioRep2_FFRep5_binB_PCRRep6	12	Swap-seq_TDL	THP-1	THP-1	Swap-seq_TDL	Swap-seq_Barcode	FALSE	NA	2	5	6	B	CGCTATGT	GTATGTTC
Swap-seq_TDL_BioRep2_FFRep5_binB_PCRRep7	12	Swap-seq_TDL	THP-1	THP-1	Swap-seq_TDL	Swap-seq_Barcode	FALSE	NA	2	5	7	B	GATATCCA	GTATGTTC
Swap-seq_TDL_BioRep2_FFRep5_binB_PCRRep8	12	Swap-seq_TDL	THP-1	THP-1	Swap-seq_TDL	Swap-seq_Barcode	FALSE	NA	2	5	8	B	TGTAACTC	GTATGTTC
Swap-seq_TDL_BioRep2_FFRep5_binB_PCRRep9	12	Swap-seq_TDL	THP-1	THP-1	Swap-seq_TDL	Swap-seq_Barcode	FALSE	NA	2	5	9	B	AGGTCGCA	GTATGTTC
Swap-seq_TDL_BioRep2_FFRep5_binB_PCRRep10	12	Swap-seq_TDL	THP-1	THP-1	Swap-seq_TDL	Swap-seq_Barcode	FALSE	NA	2	5	10	B	CTGCGGAT	GTATGTTC
Swap-seq_TDL_BioRep2_FFRep5_binB_PCRRep11	12	Swap-seq_TDL	THP-1	THP-1	Swap-seq_TDL	Swap-seq_Barcode	FALSE	NA	2	5	11	B	GCAGCCGT	GTATGTTC
Swap-seq_TDL_BioRep2_FFRep5_binB_PCRRep12	12	Swap-seq_TDL	THP-1	THP-1	Swap-seq_TDL	Swap-seq_Barcode	FALSE	NA	2	5	12	B	TTAATCAG	GTATGTTC
Swap-seq_TDL_BioRep2_FFRep5_binB_PCRRep13	12	Swap-seq_TDL	THP-1	THP-1	Swap-seq_TDL	Swap-seq_Barcode	FALSE	NA	2	5	13	B	AGGTGCGA	GTATGTTC
Swap-seq_TDL_BioRep2_FFRep5_binB_PCRRep14	12	Swap-seq_TDL	THP-1	THP-1	Swap-seq_TDL	Swap-seq_Barcode	FALSE	NA	2	5	14	B	CTGTGGCG	GTATGTTC
Swap-seq_TDL_BioRep2_FFRep5_binB_PCRRep15	12	Swap-seq_TDL	THP-1	THP-1	Swap-seq_TDL	Swap-seq_Barcode	FALSE	NA	2	5	15	B	GCCGCAAC	GTATGTTC
Swap-seq_TDL_BioRep2_FFRep5_binB_PCRRep16	12	Swap-seq_TDL	THP-1	THP-1	Swap-seq_TDL	Swap-seq_Barcode	FALSE	NA	2	5	16	B	TTATATCT	GTATGTTC
Swap-seq_TDL_BioRep2_FFRep5_binC_PCRRep1	12	Swap-seq_TDL	THP-1	THP-1	Swap-seq_TDL	Swap-seq_Barcode	FALSE	NA	2	5	1	C	AACGCATT	CGCTATGT
Swap-seq_TDL_BioRep2_FFRep5_binC_PCRRep2	12	Swap-seq_TDL	THP-1	THP-1	Swap-seq_TDL	Swap-seq_Barcode	FALSE	NA	2	5	2	C	CAACTCTC	CGCTATGT
Swap-seq_TDL_BioRep2_FFRep5_binC_PCRRep3	12	Swap-seq_TDL	THP-1	THP-1	Swap-seq_TDL	Swap-seq_Barcode	FALSE	NA	2	5	3	C	CTGTAATC	CGCTATGT
Swap-seq_TDL_BioRep2_FFRep5_binC_PCRRep4	12	Swap-seq_TDL	THP-1	THP-1	Swap-seq_TDL	Swap-seq_Barcode	FALSE	NA	2	5	4	C	TAAGCACA	CGCTATGT
Swap-seq_TDL_BioRep2_FFRep5_binC_PCRRep5	12	Swap-seq_TDL	THP-1	THP-1	Swap-seq_TDL	Swap-seq_Barcode	FALSE	NA	2	5	5	C	AATGTTCT	CGCTATGT
Swap-seq_TDL_BioRep2_FFRep5_binC_PCRRep6	12	Swap-seq_TDL	THP-1	THP-1	Swap-seq_TDL	Swap-seq_Barcode	FALSE	NA	2	5	6	C	CAGCGGTA	CGCTATGT
Swap-seq_TDL_BioRep2_FFRep5_binC_PCRRep7	12	Swap-seq_TDL	THP-1	THP-1	Swap-seq_TDL	Swap-seq_Barcode	FALSE	NA	2	5	7	C	GACCAGGA	CGCTATGT
Swap-seq_TDL_BioRep2_FFRep5_binC_PCRRep8	12	Swap-seq_TDL	THP-1	THP-1	Swap-seq_TDL	Swap-seq_Barcode	FALSE	NA	2	5	8	C	TATCCAGG	CGCTATGT
Swap-seq_TDL_BioRep2_FFRep5_binC_PCRRep9	12	Swap-seq_TDL	THP-1	THP-1	Swap-seq_TDL	Swap-seq_Barcode	FALSE	NA	2	5	9	C	ACAGGTAT	CGCTATGT
Swap-seq_TDL_BioRep2_FFRep5_binC_PCRRep10	12	Swap-seq_TDL	THP-1	THP-1	Swap-seq_TDL	Swap-seq_Barcode	FALSE	NA	2	5	10	C	CCAACATT	CGCTATGT
Swap-seq_TDL_BioRep2_FFRep5_binC_PCRRep11	12	Swap-seq_TDL	THP-1	THP-1	Swap-seq_TDL	Swap-seq_Barcode	FALSE	NA	2	5	11	C	GCCGTCGA	CGCTATGT
Swap-seq_TDL_BioRep2_FFRep5_binC_PCRRep12	12	Swap-seq_TDL	THP-1	THP-1	Swap-seq_TDL	Swap-seq_Barcode	FALSE	NA	2	5	12	C	TATCTGCC	CGCTATGT
Swap-seq_TDL_BioRep2_FFRep5_binC_PCRRep13	12	Swap-seq_TDL	THP-1	THP-1	Swap-seq_TDL	Swap-seq_Barcode	FALSE	NA	2	5	13	C	ACTAAGAC	CGCTATGT
Swap-seq_TDL_BioRep2_FFRep5_binC_PCRRep14	12	Swap-seq_TDL	THP-1	THP-1	Swap-seq_TDL	Swap-seq_Barcode	FALSE	NA	2	5	14	C	CGCCTTCC	CGCTATGT
Swap-seq_TDL_BioRep2_FFRep5_binC_PCRRep15	12	Swap-seq_TDL	THP-1	THP-1	Swap-seq_TDL	Swap-seq_Barcode	FALSE	NA	2	5	15	C	GCCTAGCC	CGCTATGT
Swap-seq_TDL_BioRep2_FFRep5_binC_PCRRep16	12	Swap-seq_TDL	THP-1	THP-1	Swap-seq_TDL	Swap-seq_Barcode	FALSE	NA	2	5	16	C	TGCTGCTG	CGCTATGT
Swap-seq_TDL_BioRep2_FFRep5_binD_PCRRep1	12	Swap-seq_TDL	THP-1	THP-1	Swap-seq_TDL	Swap-seq_Barcode	FALSE	NA	2	5	1	D	AGGTAAGG	CGCTATGT
Swap-seq_TDL_BioRep2_FFRep5_binD_PCRRep2	12	Swap-seq_TDL	THP-1	THP-1	Swap-seq_TDL	Swap-seq_Barcode	FALSE	NA	2	5	2	D	CTAACTCG	CGCTATGT
Swap-seq_TDL_BioRep2_FFRep5_binD_PCRRep3	12	Swap-seq_TDL	THP-1	THP-1	Swap-seq_TDL	Swap-seq_Barcode	FALSE	NA	2	5	3	D	GTAACATC	CGCTATGT
Swap-seq_TDL_BioRep2_FFRep5_binD_PCRRep4	12	Swap-seq_TDL	THP-1	THP-1	Swap-seq_TDL	Swap-seq_Barcode	FALSE	NA	2	5	4	D	TGTAATCA	CGCTATGT
Swap-seq_TDL_BioRep2_FFRep5_binD_PCRRep5	12	Swap-seq_TDL	THP-1	THP-1	Swap-seq_TDL	Swap-seq_Barcode	FALSE	NA	2	5	5	D	ATTATCAA	CGCTATGT
Swap-seq_TDL_BioRep2_FFRep5_binD_PCRRep6	12	Swap-seq_TDL	THP-1	THP-1	Swap-seq_TDL	Swap-seq_Barcode	FALSE	NA	2	5	6	D	CTATGCGT	CGCTATGT
Swap-seq_TDL_BioRep2_FFRep5_binD_PCRRep7	12	Swap-seq_TDL	THP-1	THP-1	Swap-seq_TDL	Swap-seq_Barcode	FALSE	NA	2	5	7	D	GTCCACAG	CGCTATGT
Swap-seq_TDL_BioRep2_FFRep5_binD_PCRRep8	12	Swap-seq_TDL	THP-1	THP-1	Swap-seq_TDL	Swap-seq_Barcode	FALSE	NA	2	5	8	D	TTGTCTAT	CGCTATGT
Swap-seq_TDL_BioRep2_FFRep5_binD_PCRRep9	12	Swap-seq_TDL	THP-1	THP-1	Swap-seq_TDL	Swap-seq_Barcode	FALSE	NA	2	5	9	D	AACAATGG	CGCTATGT
Swap-seq_TDL_BioRep2_FFRep5_binD_PCRRep10	12	Swap-seq_TDL	THP-1	THP-1	Swap-seq_TDL	Swap-seq_Barcode	FALSE	NA	2	5	10	D	ATTCCTCT	CGCTATGT
Swap-seq_TDL_BioRep2_FFRep5_binD_PCRRep11	12	Swap-seq_TDL	THP-1	THP-1	Swap-seq_TDL	Swap-seq_Barcode	FALSE	NA	2	5	11	D	GAAGGAAG	CGCTATGT
Swap-seq_TDL_BioRep2_FFRep5_binD_PCRRep12	12	Swap-seq_TDL	THP-1	THP-1	Swap-seq_TDL	Swap-seq_Barcode	FALSE	NA	2	5	12	D	TCGCTAGA	CGCTATGT
Swap-seq_TDL_BioRep2_FFRep5_binD_PCRRep13	12	Swap-seq_TDL	THP-1	THP-1	Swap-seq_TDL	Swap-seq_Barcode	FALSE	NA	2	5	13	D	ACAGTTGA	CGCTATGT
Swap-seq_TDL_BioRep2_FFRep5_binD_PCRRep14	12	Swap-seq_TDL	THP-1	THP-1	Swap-seq_TDL	Swap-seq_Barcode	FALSE	NA	2	5	14	D	CAATAGTC	CGCTATGT
Swap-seq_TDL_BioRep2_FFRep5_binD_PCRRep15	12	Swap-seq_TDL	THP-1	THP-1	Swap-seq_TDL	Swap-seq_Barcode	FALSE	NA	2	5	15	D	GACCGTTG	CGCTATGT
Swap-seq_TDL_BioRep2_FFRep5_binD_PCRRep16	12	Swap-seq_TDL	THP-1	THP-1	Swap-seq_TDL	Swap-seq_Barcode	FALSE	NA	2	5	16	D	TCTGCAAG	CGCTATGT
Swap-seq_TDL_All_Input_BioRep2_FFRep5_PCRRep1	12	Swap-seq_TDL	THP-1	THP-1	Swap-seq_TDL	Swap-seq_Barcode	FALSE	NA	2	5	1	All	AATGTTCT	CTCACCAA
Swap-seq_TDL_All_Input_BioRep2_FFRep5_PCRRep2	12	Swap-seq_TDL	THP-1	THP-1	Swap-seq_TDL	Swap-seq_Barcode	FALSE	NA	2	5	2	All	ACTAAGAC	CTCACCAA
Swap-seq_TDL_BioRep2_FFRep6_binA_PCRRep1	13	Swap-seq_TDL	THP-1	THP-1	Swap-seq_TDL	Swap-seq_Barcode	FALSE	NA	2	6	1	A	ACTGTATC	CGCTATGT
Swap-seq_TDL_BioRep2_FFRep6_binA_PCRRep2	13	Swap-seq_TDL	THP-1	THP-1	Swap-seq_TDL	Swap-seq_Barcode	FALSE	NA	2	6	2	A	CCAGCACC	CGCTATGT
Swap-seq_TDL_BioRep2_FFRep6_binA_PCRRep3	13	Swap-seq_TDL	THP-1	THP-1	Swap-seq_TDL	Swap-seq_Barcode	FALSE	NA	2	6	3	A	GACCTAAC	CGCTATGT
Swap-seq_TDL_BioRep2_FFRep6_binA_PCRRep4	13	Swap-seq_TDL	THP-1	THP-1	Swap-seq_TDL	Swap-seq_Barcode	FALSE	NA	2	6	4	A	TGCAAGTA	CGCTATGT
Swap-seq_TDL_BioRep2_FFRep6_binA_PCRRep5	13	Swap-seq_TDL	THP-1	THP-1	Swap-seq_TDL	Swap-seq_Barcode	FALSE	NA	2	6	5	A	AGCATGGA	CGCTATGT
Swap-seq_TDL_BioRep2_FFRep6_binA_PCRRep6	13	Swap-seq_TDL	THP-1	THP-1	Swap-seq_TDL	Swap-seq_Barcode	FALSE	NA	2	6	6	A	CGCTATGT	CGCTATGT
Swap-seq_TDL_BioRep2_FFRep6_binA_PCRRep7	13	Swap-seq_TDL	THP-1	THP-1	Swap-seq_TDL	Swap-seq_Barcode	FALSE	NA	2	6	7	A	GATATCCA	CGCTATGT
Swap-seq_TDL_BioRep2_FFRep6_binA_PCRRep8	13	Swap-seq_TDL	THP-1	THP-1	Swap-seq_TDL	Swap-seq_Barcode	FALSE	NA	2	6	8	A	TGTAACTC	CGCTATGT
Swap-seq_TDL_BioRep2_FFRep6_binA_PCRRep9	13	Swap-seq_TDL	THP-1	THP-1	Swap-seq_TDL	Swap-seq_Barcode	FALSE	NA	2	6	9	A	AGGTCGCA	CGCTATGT
Swap-seq_TDL_BioRep2_FFRep6_binA_PCRRep10	13	Swap-seq_TDL	THP-1	THP-1	Swap-seq_TDL	Swap-seq_Barcode	FALSE	NA	2	6	10	A	CTGCGGAT	CGCTATGT
Swap-seq_TDL_BioRep2_FFRep6_binA_PCRRep11	13	Swap-seq_TDL	THP-1	THP-1	Swap-seq_TDL	Swap-seq_Barcode	FALSE	NA	2	6	11	A	GCAGCCGT	CGCTATGT
Swap-seq_TDL_BioRep2_FFRep6_binA_PCRRep12	13	Swap-seq_TDL	THP-1	THP-1	Swap-seq_TDL	Swap-seq_Barcode	FALSE	NA	2	6	12	A	TTAATCAG	CGCTATGT
Swap-seq_TDL_BioRep2_FFRep6_binA_PCRRep13	13	Swap-seq_TDL	THP-1	THP-1	Swap-seq_TDL	Swap-seq_Barcode	FALSE	NA	2	6	13	A	AGGTGCGA	CGCTATGT
Swap-seq_TDL_BioRep2_FFRep6_binA_PCRRep14	13	Swap-seq_TDL	THP-1	THP-1	Swap-seq_TDL	Swap-seq_Barcode	FALSE	NA	2	6	14	A	CTGTGGCG	CGCTATGT
Swap-seq_TDL_BioRep2_FFRep6_binA_PCRRep15	13	Swap-seq_TDL	THP-1	THP-1	Swap-seq_TDL	Swap-seq_Barcode	FALSE	NA	2	6	15	A	GCCGCAAC	CGCTATGT
Swap-seq_TDL_BioRep2_FFRep6_binA_PCRRep16	13	Swap-seq_TDL	THP-1	THP-1	Swap-seq_TDL	Swap-seq_Barcode	FALSE	NA	2	6	16	A	TTATATCT	CGCTATGT
Swap-seq_TDL_BioRep2_FFRep6_binB_PCRRep1	13	Swap-seq_TDL	THP-1	THP-1	Swap-seq_TDL	Swap-seq_Barcode	FALSE	NA	2	6	1	B	AACGCATT	TATCGCAC
Swap-seq_TDL_BioRep2_FFRep6_binB_PCRRep2	13	Swap-seq_TDL	THP-1	THP-1	Swap-seq_TDL	Swap-seq_Barcode	FALSE	NA	2	6	2	B	CAACTCTC	TATCGCAC
Swap-seq_TDL_BioRep2_FFRep6_binB_PCRRep3	13	Swap-seq_TDL	THP-1	THP-1	Swap-seq_TDL	Swap-seq_Barcode	FALSE	NA	2	6	3	B	CTGTAATC	TATCGCAC
Swap-seq_TDL_BioRep2_FFRep6_binB_PCRRep4	13	Swap-seq_TDL	THP-1	THP-1	Swap-seq_TDL	Swap-seq_Barcode	FALSE	NA	2	6	4	B	TAAGCACA	TATCGCAC
Swap-seq_TDL_BioRep2_FFRep6_binB_PCRRep5	13	Swap-seq_TDL	THP-1	THP-1	Swap-seq_TDL	Swap-seq_Barcode	FALSE	NA	2	6	5	B	AATGTTCT	TATCGCAC
Swap-seq_TDL_BioRep2_FFRep6_binB_PCRRep6	13	Swap-seq_TDL	THP-1	THP-1	Swap-seq_TDL	Swap-seq_Barcode	FALSE	NA	2	6	6	B	CAGCGGTA	TATCGCAC
Swap-seq_TDL_BioRep2_FFRep6_binB_PCRRep7	13	Swap-seq_TDL	THP-1	THP-1	Swap-seq_TDL	Swap-seq_Barcode	FALSE	NA	2	6	7	B	GACCAGGA	TATCGCAC
Swap-seq_TDL_BioRep2_FFRep6_binB_PCRRep8	13	Swap-seq_TDL	THP-1	THP-1	Swap-seq_TDL	Swap-seq_Barcode	FALSE	NA	2	6	8	B	TATCCAGG	TATCGCAC
Swap-seq_TDL_BioRep2_FFRep6_binB_PCRRep9	13	Swap-seq_TDL	THP-1	THP-1	Swap-seq_TDL	Swap-seq_Barcode	FALSE	NA	2	6	9	B	ACAGGTAT	TATCGCAC
Swap-seq_TDL_BioRep2_FFRep6_binB_PCRRep10	13	Swap-seq_TDL	THP-1	THP-1	Swap-seq_TDL	Swap-seq_Barcode	FALSE	NA	2	6	10	B	CCAACATT	TATCGCAC
Swap-seq_TDL_BioRep2_FFRep6_binB_PCRRep11	13	Swap-seq_TDL	THP-1	THP-1	Swap-seq_TDL	Swap-seq_Barcode	FALSE	NA	2	6	11	B	GCCGTCGA	TATCGCAC
Swap-seq_TDL_BioRep2_FFRep6_binB_PCRRep12	13	Swap-seq_TDL	THP-1	THP-1	Swap-seq_TDL	Swap-seq_Barcode	FALSE	NA	2	6	12	B	TATCTGCC	TATCGCAC
Swap-seq_TDL_BioRep2_FFRep6_binB_PCRRep13	13	Swap-seq_TDL	THP-1	THP-1	Swap-seq_TDL	Swap-seq_Barcode	FALSE	NA	2	6	13	B	ACTAAGAC	TATCGCAC
Swap-seq_TDL_BioRep2_FFRep6_binB_PCRRep14	13	Swap-seq_TDL	THP-1	THP-1	Swap-seq_TDL	Swap-seq_Barcode	FALSE	NA	2	6	14	B	CGCCTTCC	TATCGCAC
Swap-seq_TDL_BioRep2_FFRep6_binB_PCRRep15	13	Swap-seq_TDL	THP-1	THP-1	Swap-seq_TDL	Swap-seq_Barcode	FALSE	NA	2	6	15	B	GCCTAGCC	TATCGCAC
Swap-seq_TDL_BioRep2_FFRep6_binB_PCRRep16	13	Swap-seq_TDL	THP-1	THP-1	Swap-seq_TDL	Swap-seq_Barcode	FALSE	NA	2	6	16	B	TGCTGCTG	TATCGCAC
Swap-seq_TDL_BioRep2_FFRep6_binC_PCRRep1	13	Swap-seq_TDL	THP-1	THP-1	Swap-seq_TDL	Swap-seq_Barcode	FALSE	NA	2	6	1	C	AGGTAAGG	TATCGCAC
Swap-seq_TDL_BioRep2_FFRep6_binC_PCRRep2	13	Swap-seq_TDL	THP-1	THP-1	Swap-seq_TDL	Swap-seq_Barcode	FALSE	NA	2	6	2	C	CTAACTCG	TATCGCAC
Swap-seq_TDL_BioRep2_FFRep6_binC_PCRRep3	13	Swap-seq_TDL	THP-1	THP-1	Swap-seq_TDL	Swap-seq_Barcode	FALSE	NA	2	6	3	C	GTAACATC	TATCGCAC
Swap-seq_TDL_BioRep2_FFRep6_binC_PCRRep4	13	Swap-seq_TDL	THP-1	THP-1	Swap-seq_TDL	Swap-seq_Barcode	FALSE	NA	2	6	4	C	TGTAATCA	TATCGCAC
Swap-seq_TDL_BioRep2_FFRep6_binC_PCRRep5	13	Swap-seq_TDL	THP-1	THP-1	Swap-seq_TDL	Swap-seq_Barcode	FALSE	NA	2	6	5	C	ATTATCAA	TATCGCAC
Swap-seq_TDL_BioRep2_FFRep6_binC_PCRRep6	13	Swap-seq_TDL	THP-1	THP-1	Swap-seq_TDL	Swap-seq_Barcode	FALSE	NA	2	6	6	C	CTATGCGT	TATCGCAC
Swap-seq_TDL_BioRep2_FFRep6_binC_PCRRep7	13	Swap-seq_TDL	THP-1	THP-1	Swap-seq_TDL	Swap-seq_Barcode	FALSE	NA	2	6	7	C	GTCCACAG	TATCGCAC
Swap-seq_TDL_BioRep2_FFRep6_binC_PCRRep8	13	Swap-seq_TDL	THP-1	THP-1	Swap-seq_TDL	Swap-seq_Barcode	FALSE	NA	2	6	8	C	TTGTCTAT	TATCGCAC
Swap-seq_TDL_BioRep2_FFRep6_binC_PCRRep9	13	Swap-seq_TDL	THP-1	THP-1	Swap-seq_TDL	Swap-seq_Barcode	FALSE	NA	2	6	9	C	AACAATGG	TATCGCAC
Swap-seq_TDL_BioRep2_FFRep6_binC_PCRRep10	13	Swap-seq_TDL	THP-1	THP-1	Swap-seq_TDL	Swap-seq_Barcode	FALSE	NA	2	6	10	C	ATTCCTCT	TATCGCAC
Swap-seq_TDL_BioRep2_FFRep6_binC_PCRRep11	13	Swap-seq_TDL	THP-1	THP-1	Swap-seq_TDL	Swap-seq_Barcode	FALSE	NA	2	6	11	C	GAAGGAAG	TATCGCAC
Swap-seq_TDL_BioRep2_FFRep6_binC_PCRRep12	13	Swap-seq_TDL	THP-1	THP-1	Swap-seq_TDL	Swap-seq_Barcode	FALSE	NA	2	6	12	C	TCGCTAGA	TATCGCAC
Swap-seq_TDL_BioRep2_FFRep6_binC_PCRRep13	13	Swap-seq_TDL	THP-1	THP-1	Swap-seq_TDL	Swap-seq_Barcode	FALSE	NA	2	6	13	C	ACAGTTGA	TATCGCAC
Swap-seq_TDL_BioRep2_FFRep6_binC_PCRRep14	13	Swap-seq_TDL	THP-1	THP-1	Swap-seq_TDL	Swap-seq_Barcode	FALSE	NA	2	6	14	C	CAATAGTC	TATCGCAC
Swap-seq_TDL_BioRep2_FFRep6_binC_PCRRep15	13	Swap-seq_TDL	THP-1	THP-1	Swap-seq_TDL	Swap-seq_Barcode	FALSE	NA	2	6	15	C	GACCGTTG	TATCGCAC
Swap-seq_TDL_BioRep2_FFRep6_binC_PCRRep16	13	Swap-seq_TDL	THP-1	THP-1	Swap-seq_TDL	Swap-seq_Barcode	FALSE	NA	2	6	16	C	TCTGCAAG	TATCGCAC
Swap-seq_TDL_BioRep2_FFRep6_binD_PCRRep1	13	Swap-seq_TDL	THP-1	THP-1	Swap-seq_TDL	Swap-seq_Barcode	FALSE	NA	2	6	1	D	ACTGTATC	TATCGCAC
Swap-seq_TDL_BioRep2_FFRep6_binD_PCRRep2	13	Swap-seq_TDL	THP-1	THP-1	Swap-seq_TDL	Swap-seq_Barcode	FALSE	NA	2	6	2	D	CCAGCACC	TATCGCAC
Swap-seq_TDL_BioRep2_FFRep6_binD_PCRRep3	13	Swap-seq_TDL	THP-1	THP-1	Swap-seq_TDL	Swap-seq_Barcode	FALSE	NA	2	6	3	D	GACCTAAC	TATCGCAC
Swap-seq_TDL_BioRep2_FFRep6_binD_PCRRep4	13	Swap-seq_TDL	THP-1	THP-1	Swap-seq_TDL	Swap-seq_Barcode	FALSE	NA	2	6	4	D	TGCAAGTA	TATCGCAC
Swap-seq_TDL_BioRep2_FFRep6_binD_PCRRep5	13	Swap-seq_TDL	THP-1	THP-1	Swap-seq_TDL	Swap-seq_Barcode	FALSE	NA	2	6	5	D	AGCATGGA	TATCGCAC
Swap-seq_TDL_BioRep2_FFRep6_binD_PCRRep6	13	Swap-seq_TDL	THP-1	THP-1	Swap-seq_TDL	Swap-seq_Barcode	FALSE	NA	2	6	6	D	CGCTATGT	TATCGCAC
Swap-seq_TDL_BioRep2_FFRep6_binD_PCRRep7	13	Swap-seq_TDL	THP-1	THP-1	Swap-seq_TDL	Swap-seq_Barcode	FALSE	NA	2	6	7	D	GATATCCA	TATCGCAC
Swap-seq_TDL_BioRep2_FFRep6_binD_PCRRep8	13	Swap-seq_TDL	THP-1	THP-1	Swap-seq_TDL	Swap-seq_Barcode	FALSE	NA	2	6	8	D	TGTAACTC	TATCGCAC
Swap-seq_TDL_BioRep2_FFRep6_binD_PCRRep9	13	Swap-seq_TDL	THP-1	THP-1	Swap-seq_TDL	Swap-seq_Barcode	FALSE	NA	2	6	9	D	AGGTCGCA	TATCGCAC
Swap-seq_TDL_BioRep2_FFRep6_binD_PCRRep10	13	Swap-seq_TDL	THP-1	THP-1	Swap-seq_TDL	Swap-seq_Barcode	FALSE	NA	2	6	10	D	CTGCGGAT	TATCGCAC
Swap-seq_TDL_BioRep2_FFRep6_binD_PCRRep11	13	Swap-seq_TDL	THP-1	THP-1	Swap-seq_TDL	Swap-seq_Barcode	FALSE	NA	2	6	11	D	GCAGCCGT	TATCGCAC
Swap-seq_TDL_BioRep2_FFRep6_binD_PCRRep12	13	Swap-seq_TDL	THP-1	THP-1	Swap-seq_TDL	Swap-seq_Barcode	FALSE	NA	2	6	12	D	TTAATCAG	TATCGCAC
Swap-seq_TDL_BioRep2_FFRep6_binD_PCRRep13	13	Swap-seq_TDL	THP-1	THP-1	Swap-seq_TDL	Swap-seq_Barcode	FALSE	NA	2	6	13	D	AGGTGCGA	TATCGCAC
Swap-seq_TDL_BioRep2_FFRep6_binD_PCRRep14	13	Swap-seq_TDL	THP-1	THP-1	Swap-seq_TDL	Swap-seq_Barcode	FALSE	NA	2	6	14	D	CTGTGGCG	TATCGCAC
Swap-seq_TDL_BioRep2_FFRep6_binD_PCRRep15	13	Swap-seq_TDL	THP-1	THP-1	Swap-seq_TDL	Swap-seq_Barcode	FALSE	NA	2	6	15	D	GCCGCAAC	TATCGCAC
Swap-seq_TDL_BioRep2_FFRep6_binD_PCRRep16	13	Swap-seq_TDL	THP-1	THP-1	Swap-seq_TDL	Swap-seq_Barcode	FALSE	NA	2	6	16	D	TTATATCT	TATCGCAC
Swap-seq_TDL_All_Input_BioRep2_FFRep6_PCRRep1	13	Swap-seq_TDL	THP-1	THP-1	Swap-seq_TDL	Swap-seq_Barcode	FALSE	NA	2	6	1	All	CAGCGGTA	CTCACCAA
Swap-seq_TDL_All_Input_BioRep2_FFRep6_PCRRep2	13	Swap-seq_TDL	THP-1	THP-1	Swap-seq_TDL	Swap-seq_Barcode	FALSE	NA	2	6	2	All	CGCCTTCC	CTCACCAA
Swap-seq_TDL_BioRep2_FFRep7_binA_PCRRep1	14	Swap-seq_TDL	THP-1	THP-1	Swap-seq_TDL	Swap-seq_Barcode	FALSE	NA	2	7	1	A	AACGCATT	TCTGTTGG
Swap-seq_TDL_BioRep2_FFRep7_binA_PCRRep2	14	Swap-seq_TDL	THP-1	THP-1	Swap-seq_TDL	Swap-seq_Barcode	FALSE	NA	2	7	2	A	CAACTCTC	TCTGTTGG
Swap-seq_TDL_BioRep2_FFRep7_binA_PCRRep3	14	Swap-seq_TDL	THP-1	THP-1	Swap-seq_TDL	Swap-seq_Barcode	FALSE	NA	2	7	3	A	CTGTAATC	TCTGTTGG
Swap-seq_TDL_BioRep2_FFRep7_binA_PCRRep4	14	Swap-seq_TDL	THP-1	THP-1	Swap-seq_TDL	Swap-seq_Barcode	FALSE	NA	2	7	4	A	TAAGCACA	TCTGTTGG
Swap-seq_TDL_BioRep2_FFRep7_binA_PCRRep5	14	Swap-seq_TDL	THP-1	THP-1	Swap-seq_TDL	Swap-seq_Barcode	FALSE	NA	2	7	5	A	AATGTTCT	TCTGTTGG
Swap-seq_TDL_BioRep2_FFRep7_binA_PCRRep6	14	Swap-seq_TDL	THP-1	THP-1	Swap-seq_TDL	Swap-seq_Barcode	FALSE	NA	2	7	6	A	CAGCGGTA	TCTGTTGG
Swap-seq_TDL_BioRep2_FFRep7_binA_PCRRep7	14	Swap-seq_TDL	THP-1	THP-1	Swap-seq_TDL	Swap-seq_Barcode	FALSE	NA	2	7	7	A	GACCAGGA	TCTGTTGG
Swap-seq_TDL_BioRep2_FFRep7_binA_PCRRep8	14	Swap-seq_TDL	THP-1	THP-1	Swap-seq_TDL	Swap-seq_Barcode	FALSE	NA	2	7	8	A	TATCCAGG	TCTGTTGG
Swap-seq_TDL_BioRep2_FFRep7_binA_PCRRep9	14	Swap-seq_TDL	THP-1	THP-1	Swap-seq_TDL	Swap-seq_Barcode	FALSE	NA	2	7	9	A	ACAGGTAT	TCTGTTGG
Swap-seq_TDL_BioRep2_FFRep7_binA_PCRRep10	14	Swap-seq_TDL	THP-1	THP-1	Swap-seq_TDL	Swap-seq_Barcode	FALSE	NA	2	7	10	A	CCAACATT	TCTGTTGG
Swap-seq_TDL_BioRep2_FFRep7_binA_PCRRep11	14	Swap-seq_TDL	THP-1	THP-1	Swap-seq_TDL	Swap-seq_Barcode	FALSE	NA	2	7	11	A	GCCGTCGA	TCTGTTGG
Swap-seq_TDL_BioRep2_FFRep7_binA_PCRRep12	14	Swap-seq_TDL	THP-1	THP-1	Swap-seq_TDL	Swap-seq_Barcode	FALSE	NA	2	7	12	A	TATCTGCC	TCTGTTGG
Swap-seq_TDL_BioRep2_FFRep7_binA_PCRRep13	14	Swap-seq_TDL	THP-1	THP-1	Swap-seq_TDL	Swap-seq_Barcode	FALSE	NA	2	7	13	A	ACTAAGAC	TCTGTTGG
Swap-seq_TDL_BioRep2_FFRep7_binA_PCRRep14	14	Swap-seq_TDL	THP-1	THP-1	Swap-seq_TDL	Swap-seq_Barcode	FALSE	NA	2	7	14	A	CGCCTTCC	TCTGTTGG
Swap-seq_TDL_BioRep2_FFRep7_binA_PCRRep15	14	Swap-seq_TDL	THP-1	THP-1	Swap-seq_TDL	Swap-seq_Barcode	FALSE	NA	2	7	15	A	GCCTAGCC	TCTGTTGG
Swap-seq_TDL_BioRep2_FFRep7_binA_PCRRep16	14	Swap-seq_TDL	THP-1	THP-1	Swap-seq_TDL	Swap-seq_Barcode	FALSE	NA	2	7	16	A	TGCTGCTG	TCTGTTGG
Swap-seq_TDL_BioRep2_FFRep7_binB_PCRRep1	14	Swap-seq_TDL	THP-1	THP-1	Swap-seq_TDL	Swap-seq_Barcode	FALSE	NA	2	7	1	B	AGGTAAGG	TCTGTTGG
Swap-seq_TDL_BioRep2_FFRep7_binB_PCRRep2	14	Swap-seq_TDL	THP-1	THP-1	Swap-seq_TDL	Swap-seq_Barcode	FALSE	NA	2	7	2	B	CTAACTCG	TCTGTTGG
Swap-seq_TDL_BioRep2_FFRep7_binB_PCRRep3	14	Swap-seq_TDL	THP-1	THP-1	Swap-seq_TDL	Swap-seq_Barcode	FALSE	NA	2	7	3	B	GTAACATC	TCTGTTGG
Swap-seq_TDL_BioRep2_FFRep7_binB_PCRRep4	14	Swap-seq_TDL	THP-1	THP-1	Swap-seq_TDL	Swap-seq_Barcode	FALSE	NA	2	7	4	B	TGTAATCA	TCTGTTGG
Swap-seq_TDL_BioRep2_FFRep7_binB_PCRRep5	14	Swap-seq_TDL	THP-1	THP-1	Swap-seq_TDL	Swap-seq_Barcode	FALSE	NA	2	7	5	B	ATTATCAA	TCTGTTGG
Swap-seq_TDL_BioRep2_FFRep7_binB_PCRRep6	14	Swap-seq_TDL	THP-1	THP-1	Swap-seq_TDL	Swap-seq_Barcode	FALSE	NA	2	7	6	B	CTATGCGT	TCTGTTGG
Swap-seq_TDL_BioRep2_FFRep7_binB_PCRRep7	14	Swap-seq_TDL	THP-1	THP-1	Swap-seq_TDL	Swap-seq_Barcode	FALSE	NA	2	7	7	B	GTCCACAG	TCTGTTGG
Swap-seq_TDL_BioRep2_FFRep7_binB_PCRRep8	14	Swap-seq_TDL	THP-1	THP-1	Swap-seq_TDL	Swap-seq_Barcode	FALSE	NA	2	7	8	B	TTGTCTAT	TCTGTTGG
Swap-seq_TDL_BioRep2_FFRep7_binB_PCRRep9	14	Swap-seq_TDL	THP-1	THP-1	Swap-seq_TDL	Swap-seq_Barcode	FALSE	NA	2	7	9	B	AACAATGG	TCTGTTGG
Swap-seq_TDL_BioRep2_FFRep7_binB_PCRRep10	14	Swap-seq_TDL	THP-1	THP-1	Swap-seq_TDL	Swap-seq_Barcode	FALSE	NA	2	7	10	B	ATTCCTCT	TCTGTTGG
Swap-seq_TDL_BioRep2_FFRep7_binB_PCRRep11	14	Swap-seq_TDL	THP-1	THP-1	Swap-seq_TDL	Swap-seq_Barcode	FALSE	NA	2	7	11	B	GAAGGAAG	TCTGTTGG
Swap-seq_TDL_BioRep2_FFRep7_binB_PCRRep12	14	Swap-seq_TDL	THP-1	THP-1	Swap-seq_TDL	Swap-seq_Barcode	FALSE	NA	2	7	12	B	TCGCTAGA	TCTGTTGG
Swap-seq_TDL_BioRep2_FFRep7_binB_PCRRep13	14	Swap-seq_TDL	THP-1	THP-1	Swap-seq_TDL	Swap-seq_Barcode	FALSE	NA	2	7	13	B	ACAGTTGA	TCTGTTGG
Swap-seq_TDL_BioRep2_FFRep7_binB_PCRRep14	14	Swap-seq_TDL	THP-1	THP-1	Swap-seq_TDL	Swap-seq_Barcode	FALSE	NA	2	7	14	B	CAATAGTC	TCTGTTGG
Swap-seq_TDL_BioRep2_FFRep7_binB_PCRRep15	14	Swap-seq_TDL	THP-1	THP-1	Swap-seq_TDL	Swap-seq_Barcode	FALSE	NA	2	7	15	B	GACCGTTG	TCTGTTGG
Swap-seq_TDL_BioRep2_FFRep7_binB_PCRRep16	14	Swap-seq_TDL	THP-1	THP-1	Swap-seq_TDL	Swap-seq_Barcode	FALSE	NA	2	7	16	B	TCTGCAAG	TCTGTTGG
Swap-seq_TDL_BioRep2_FFRep7_binC_PCRRep1	14	Swap-seq_TDL	THP-1	THP-1	Swap-seq_TDL	Swap-seq_Barcode	FALSE	NA	2	7	1	C	ACTGTATC	TCTGTTGG
Swap-seq_TDL_BioRep2_FFRep7_binC_PCRRep2	14	Swap-seq_TDL	THP-1	THP-1	Swap-seq_TDL	Swap-seq_Barcode	FALSE	NA	2	7	2	C	CCAGCACC	TCTGTTGG
Swap-seq_TDL_BioRep2_FFRep7_binC_PCRRep3	14	Swap-seq_TDL	THP-1	THP-1	Swap-seq_TDL	Swap-seq_Barcode	FALSE	NA	2	7	3	C	GACCTAAC	TCTGTTGG
Swap-seq_TDL_BioRep2_FFRep7_binC_PCRRep4	14	Swap-seq_TDL	THP-1	THP-1	Swap-seq_TDL	Swap-seq_Barcode	FALSE	NA	2	7	4	C	TGCAAGTA	TCTGTTGG
Swap-seq_TDL_BioRep2_FFRep7_binC_PCRRep5	14	Swap-seq_TDL	THP-1	THP-1	Swap-seq_TDL	Swap-seq_Barcode	FALSE	NA	2	7	5	C	AGCATGGA	TCTGTTGG
Swap-seq_TDL_BioRep2_FFRep7_binC_PCRRep6	14	Swap-seq_TDL	THP-1	THP-1	Swap-seq_TDL	Swap-seq_Barcode	FALSE	NA	2	7	6	C	CGCTATGT	TCTGTTGG
Swap-seq_TDL_BioRep2_FFRep7_binC_PCRRep7	14	Swap-seq_TDL	THP-1	THP-1	Swap-seq_TDL	Swap-seq_Barcode	FALSE	NA	2	7	7	C	GATATCCA	TCTGTTGG
Swap-seq_TDL_BioRep2_FFRep7_binC_PCRRep8	14	Swap-seq_TDL	THP-1	THP-1	Swap-seq_TDL	Swap-seq_Barcode	FALSE	NA	2	7	8	C	TGTAACTC	TCTGTTGG
Swap-seq_TDL_BioRep2_FFRep7_binC_PCRRep9	14	Swap-seq_TDL	THP-1	THP-1	Swap-seq_TDL	Swap-seq_Barcode	FALSE	NA	2	7	9	C	AGGTCGCA	TCTGTTGG
Swap-seq_TDL_BioRep2_FFRep7_binC_PCRRep10	14	Swap-seq_TDL	THP-1	THP-1	Swap-seq_TDL	Swap-seq_Barcode	FALSE	NA	2	7	10	C	CTGCGGAT	TCTGTTGG
Swap-seq_TDL_BioRep2_FFRep7_binC_PCRRep11	14	Swap-seq_TDL	THP-1	THP-1	Swap-seq_TDL	Swap-seq_Barcode	FALSE	NA	2	7	11	C	GCAGCCGT	TCTGTTGG
Swap-seq_TDL_BioRep2_FFRep7_binC_PCRRep12	14	Swap-seq_TDL	THP-1	THP-1	Swap-seq_TDL	Swap-seq_Barcode	FALSE	NA	2	7	12	C	TTAATCAG	TCTGTTGG
Swap-seq_TDL_BioRep2_FFRep7_binC_PCRRep13	14	Swap-seq_TDL	THP-1	THP-1	Swap-seq_TDL	Swap-seq_Barcode	FALSE	NA	2	7	13	C	AGGTGCGA	TCTGTTGG
Swap-seq_TDL_BioRep2_FFRep7_binC_PCRRep14	14	Swap-seq_TDL	THP-1	THP-1	Swap-seq_TDL	Swap-seq_Barcode	FALSE	NA	2	7	14	C	CTGTGGCG	TCTGTTGG
Swap-seq_TDL_BioRep2_FFRep7_binC_PCRRep15	14	Swap-seq_TDL	THP-1	THP-1	Swap-seq_TDL	Swap-seq_Barcode	FALSE	NA	2	7	15	C	GCCGCAAC	TCTGTTGG
Swap-seq_TDL_BioRep2_FFRep7_binC_PCRRep16	14	Swap-seq_TDL	THP-1	THP-1	Swap-seq_TDL	Swap-seq_Barcode	FALSE	NA	2	7	16	C	TTATATCT	TCTGTTGG
Swap-seq_TDL_BioRep2_FFRep7_binD_PCRRep1	14	Swap-seq_TDL	THP-1	THP-1	Swap-seq_TDL	Swap-seq_Barcode	FALSE	NA	2	7	1	D	GCACACGA	CTCACCAA
Swap-seq_TDL_BioRep2_FFRep7_binD_PCRRep2	14	Swap-seq_TDL	THP-1	THP-1	Swap-seq_TDL	Swap-seq_Barcode	FALSE	NA	2	7	2	D	TCTGGCGA	CTCACCAA
Swap-seq_TDL_BioRep2_FFRep7_binD_PCRRep3	14	Swap-seq_TDL	THP-1	THP-1	Swap-seq_TDL	Swap-seq_Barcode	FALSE	NA	2	7	3	D	CATAGCGA	CTCACCAA
Swap-seq_TDL_BioRep2_FFRep7_binD_PCRRep4	14	Swap-seq_TDL	THP-1	THP-1	Swap-seq_TDL	Swap-seq_Barcode	FALSE	NA	2	7	4	D	CAGGAGCC	CTCACCAA
Swap-seq_TDL_BioRep2_FFRep7_binD_PCRRep5	14	Swap-seq_TDL	THP-1	THP-1	Swap-seq_TDL	Swap-seq_Barcode	FALSE	NA	2	7	5	D	TGTCGGAT	CTCACCAA
Swap-seq_TDL_BioRep2_FFRep7_binD_PCRRep6	14	Swap-seq_TDL	THP-1	THP-1	Swap-seq_TDL	Swap-seq_Barcode	FALSE	NA	2	7	6	D	ATTATGTT	CTCACCAA
Swap-seq_TDL_BioRep2_FFRep7_binD_PCRRep7	14	Swap-seq_TDL	THP-1	THP-1	Swap-seq_TDL	Swap-seq_Barcode	FALSE	NA	2	7	7	D	CCTACCAT	CTCACCAA
Swap-seq_TDL_BioRep2_FFRep7_binD_PCRRep8	14	Swap-seq_TDL	THP-1	THP-1	Swap-seq_TDL	Swap-seq_Barcode	FALSE	NA	2	7	8	D	TACTTAGC	CTCACCAA
Swap-seq_TDL_BioRep2_FFRep7_binD_PCRRep9	14	Swap-seq_TDL	THP-1	THP-1	Swap-seq_TDL	Swap-seq_Barcode	FALSE	NA	2	7	9	D	GAAGAAGT	CTCACCAA
Swap-seq_TDL_BioRep2_FFRep7_binD_PCRRep10	14	Swap-seq_TDL	THP-1	THP-1	Swap-seq_TDL	Swap-seq_Barcode	FALSE	NA	2	7	10	D	AGGATCTA	CTCACCAA
Swap-seq_TDL_BioRep2_FFRep7_binD_PCRRep11	14	Swap-seq_TDL	THP-1	THP-1	Swap-seq_TDL	Swap-seq_Barcode	FALSE	NA	2	7	11	D	GACAGTAA	CTCACCAA
Swap-seq_TDL_BioRep2_FFRep7_binD_PCRRep12	14	Swap-seq_TDL	THP-1	THP-1	Swap-seq_TDL	Swap-seq_Barcode	FALSE	NA	2	7	12	D	CCTATGCC	CTCACCAA
Swap-seq_TDL_BioRep2_FFRep7_binD_PCRRep13	14	Swap-seq_TDL	THP-1	THP-1	Swap-seq_TDL	Swap-seq_Barcode	FALSE	NA	2	7	13	D	TCGCCTTG	CTCACCAA
Swap-seq_TDL_BioRep2_FFRep7_binD_PCRRep14	14	Swap-seq_TDL	THP-1	THP-1	Swap-seq_TDL	Swap-seq_Barcode	FALSE	NA	2	7	14	D	ATAGCGTC	CTCACCAA
Swap-seq_TDL_BioRep2_FFRep7_binD_PCRRep15	14	Swap-seq_TDL	THP-1	THP-1	Swap-seq_TDL	Swap-seq_Barcode	FALSE	NA	2	7	15	D	GTCGCCTT	CTCACCAA
Swap-seq_TDL_BioRep2_FFRep7_binD_PCRRep16	14	Swap-seq_TDL	THP-1	THP-1	Swap-seq_TDL	Swap-seq_Barcode	FALSE	NA	2	7	16	D	ATTCTAGG	CTCACCAA
Swap-seq_TDL_All_Input_BioRep2_FFRep7_PCRRep1	14	Swap-seq_TDL	THP-1	THP-1	Swap-seq_TDL	Swap-seq_Barcode	FALSE	NA	2	7	1	All	GACCAGGA	CTCACCAA
Swap-seq_TDL_All_Input_BioRep2_FFRep7_PCRRep2	14	Swap-seq_TDL	THP-1	THP-1	Swap-seq_TDL	Swap-seq_Barcode	FALSE	NA	2	7	2	All	GCCTAGCC	CTCACCAA